timestamp,open,high,low,close,volume
2024-01-01T00:00:00Z,3100.00,3118.22,3098.74,3116.81,3091
2024-01-01T00:05:00Z,3116.81,3119.44,3076.41,3083.65,3051
2024-01-01T00:10:00Z,3083.65,3091.27,3048.67,3051.02,2029
2024-01-01T00:15:00Z,3051.02,3054.78,3047.21,3051.58,2040
2024-01-01T00:20:00Z,3051.58,3053.68,3043.44,3053.32,3308
2024-01-01T00:25:00Z,3053.32,3054.85,3042.17,3043.07,3820
2024-01-01T00:30:00Z,3043.07,3080.09,3042.63,3074.69,3844
2024-01-01T00:35:00Z,3074.69,3083.75,3032.54,3039.47,3065
2024-01-01T00:40:00Z,3039.47,3039.88,3005.02,3008.10,3332
2024-01-01T00:45:00Z,3008.10,3040.25,3002.75,3040.21,4220
2024-01-01T00:50:00Z,3040.21,3068.89,3038.72,3065.05,1105
2024-01-01T00:55:00Z,3065.05,3072.86,3013.88,3020.15,1460
2024-01-01T01:00:00Z,3020.15,3027.87,2992.25,2995.14,3592
2024-01-01T01:05:00Z,2995.14,2995.59,2953.46,2959.51,3063
2024-01-01T01:10:00Z,2959.51,2963.71,2907.52,2914.59,3513
2024-01-01T01:15:00Z,2914.59,2914.72,2882.78,2886.43,2069
2024-01-01T01:20:00Z,2886.43,2893.61,2842.59,2843.30,2856
2024-01-01T01:25:00Z,2843.30,2851.28,2795.61,2800.00,3053
2024-01-01T01:30:00Z,2800.00,2800.09,2791.71,2800.00,1051
2024-01-01T01:35:00Z,2800.00,2800.64,2793.46,2800.00,1138
2024-01-01T01:40:00Z,2800.00,2850.64,2795.39,2841.35,2501
2024-01-01T01:45:00Z,2841.35,2853.46,2837.62,2853.01,1567
2024-01-01T01:50:00Z,2853.01,2860.93,2841.38,2846.71,2602
2024-01-01T01:55:00Z,2846.71,2855.78,2820.58,2826.44,3940
2024-01-01T02:00:00Z,2826.44,2835.26,2790.42,2800.00,2331
2024-01-01T02:05:00Z,2800.00,2822.69,2798.97,2821.07,2808
2024-01-01T02:10:00Z,2821.07,2828.83,2802.91,2804.39,1538
2024-01-01T02:15:00Z,2804.39,2810.31,2794.87,2800.00,4948
2024-01-01T02:20:00Z,2800.00,2833.34,2792.85,2826.62,2157
2024-01-01T02:25:00Z,2826.62,2841.73,2820.11,2831.83,1096
2024-01-01T02:30:00Z,2831.83,2841.12,2816.10,2816.37,1878
2024-01-01T02:35:00Z,2816.37,2816.75,2797.84,2800.00,3369
2024-01-01T02:40:00Z,2800.00,2800.94,2790.07,2800.00,1485
2024-01-01T02:45:00Z,2800.00,2803.21,2796.76,2800.00,4004
2024-01-01T02:50:00Z,2800.00,2832.67,2799.58,2832.58,4361
2024-01-01T02:55:00Z,2832.58,2874.55,2823.32,2872.17,4381
2024-01-01T03:00:00Z,2872.17,2877.63,2843.77,2850.12,3501
2024-01-01T03:05:00Z,2850.12,2853.09,2817.52,2819.35,1118
2024-01-01T03:10:00Z,2819.35,2828.68,2790.13,2800.00,4126
2024-01-01T03:15:00Z,2800.00,2808.83,2798.13,2800.00,2179
2024-01-01T03:20:00Z,2800.00,2811.56,2792.88,2806.00,1487
2024-01-01T03:25:00Z,2806.00,2819.73,2797.19,2815.82,2779
2024-01-01T03:30:00Z,2815.82,2825.45,2796.00,2800.64,3172
2024-01-01T03:35:00Z,2800.64,2853.51,2799.35,2845.41,1429
2024-01-01T03:40:00Z,2845.41,2847.23,2790.60,2800.00,3880
2024-01-01T03:45:00Z,2800.00,2805.91,2796.00,2800.00,1499
2024-01-01T03:50:00Z,2800.00,2850.71,2791.09,2841.07,1690
2024-01-01T03:55:00Z,2841.07,2846.49,2818.30,2824.46,4769
2024-01-01T04:00:00Z,2824.46,2864.16,2821.65,2856.69,2358
2024-01-01T04:05:00Z,2856.69,2867.29,2854.22,2859.25,4552
2024-01-01T04:10:00Z,2859.25,2877.59,2856.48,2875.69,1914
2024-01-01T04:15:00Z,2875.69,2915.45,2874.87,2909.05,2682
2024-01-01T04:20:00Z,2909.05,2948.37,2901.27,2939.57,4813
2024-01-01T04:25:00Z,2939.57,2988.54,2930.66,2983.88,4876
2024-01-01T04:30:00Z,2983.88,2989.75,2947.38,2949.49,3537
2024-01-01T04:35:00Z,2949.49,2956.67,2948.38,2949.58,4224
2024-01-01T04:40:00Z,2949.58,2954.80,2927.16,2934.37,1801
2024-01-01T04:45:00Z,2934.37,2945.24,2928.55,2937.35,1794
2024-01-01T04:50:00Z,2937.35,2981.35,2936.80,2980.83,1857
2024-01-01T04:55:00Z,2980.83,2982.54,2959.28,2962.20,2082
2024-01-01T05:00:00Z,2962.20,3005.10,2958.52,3000.40,2815
2024-01-01T05:05:00Z,3000.40,3033.37,2990.41,3026.74,2422
2024-01-01T05:10:00Z,3026.74,3065.51,3024.91,3062.40,4752
2024-01-01T05:15:00Z,3062.40,3077.83,3058.53,3071.70,4824
2024-01-01T05:20:00Z,3071.70,3076.41,3020.75,3029.56,2249
2024-01-01T05:25:00Z,3029.56,3080.30,3020.65,3071.49,1066
2024-01-01T05:30:00Z,3071.49,3077.29,3051.14,3051.33,4563
2024-01-01T05:35:00Z,3051.33,3058.09,3035.86,3042.42,4938
2024-01-01T05:40:00Z,3042.42,3051.82,3014.52,3022.04,1123
2024-01-01T05:45:00Z,3022.04,3028.61,3005.69,3006.12,3741
2024-01-01T05:50:00Z,3006.12,3011.96,3002.68,3008.31,1874
2024-01-01T05:55:00Z,3008.31,3025.26,3002.25,3018.82,2287
2024-01-01T06:00:00Z,3018.82,3036.34,3017.46,3035.34,4370
2024-01-01T06:05:00Z,3035.34,3045.13,3010.91,3014.43,1002
2024-01-01T06:10:00Z,3014.43,3025.87,3012.87,3022.36,1732
2024-01-01T06:15:00Z,3022.36,3037.84,3012.91,3036.76,1720
2024-01-01T06:20:00Z,3036.76,3054.32,3030.34,3052.34,3609
2024-01-01T06:25:00Z,3052.34,3091.96,3046.18,3088.40,2685
2024-01-01T06:30:00Z,3088.40,3090.35,3073.35,3081.25,3217
2024-01-01T06:35:00Z,3081.25,3091.73,3077.14,3085.00,3618
2024-01-01T06:40:00Z,3085.00,3139.45,3082.75,3132.48,2245
2024-01-01T06:45:00Z,3132.48,3144.65,3125.54,3136.52,2269
2024-01-01T06:50:00Z,3136.52,3152.96,3132.00,3145.45,4959
2024-01-01T06:55:00Z,3145.45,3154.22,3145.03,3145.63,2653
2024-01-01T07:00:00Z,3145.63,3147.26,3132.01,3137.64,2625
2024-01-01T07:05:00Z,3137.64,3147.17,3083.21,3087.82,2235
2024-01-01T07:10:00Z,3087.82,3094.97,3082.11,3086.25,1382
2024-01-01T07:15:00Z,3086.25,3094.22,3050.46,3055.09,4628
2024-01-01T07:20:00Z,3055.09,3104.06,3053.00,3099.05,4788
2024-01-01T07:25:00Z,3099.05,3143.68,3092.65,3137.34,4371
2024-01-01T07:30:00Z,3137.34,3141.10,3136.71,3137.85,1436
2024-01-01T07:35:00Z,3137.85,3184.58,3128.65,3178.32,3276
2024-01-01T07:40:00Z,3178.32,3182.09,3142.38,3143.72,2495
2024-01-01T07:45:00Z,3143.72,3143.77,3098.14,3104.66,1086
2024-01-01T07:50:00Z,3104.66,3113.83,3069.94,3078.21,4303
2024-01-01T07:55:00Z,3078.21,3084.19,3066.81,3068.10,4169
2024-01-01T08:00:00Z,3068.10,3073.55,3046.45,3046.95,1004
2024-01-01T08:05:00Z,3046.95,3062.99,3041.64,3062.05,4146
2024-01-01T08:10:00Z,3062.05,3071.63,3053.04,3064.43,3708
2024-01-01T08:15:00Z,3064.43,3106.93,3060.39,3103.41,4434
2024-01-01T08:20:00Z,3103.41,3141.38,3094.00,3132.93,4244
2024-01-01T08:25:00Z,3132.93,3150.09,3124.95,3149.20,4738
2024-01-01T08:30:00Z,3149.20,3185.85,3142.08,3183.99,4865
2024-01-01T08:35:00Z,3183.99,3222.76,3179.55,3214.62,4627
2024-01-01T08:40:00Z,3214.62,3217.33,3175.98,3184.19,2441
2024-01-01T08:45:00Z,3184.19,3200.91,3175.01,3191.72,1239
2024-01-01T08:50:00Z,3191.72,3229.88,3183.22,3226.40,2558
2024-01-01T08:55:00Z,3226.40,3236.16,3185.47,3186.79,4532
2024-01-01T09:00:00Z,3186.79,3197.71,3186.48,3188.02,3216
2024-01-01T09:05:00Z,3188.02,3206.87,3186.73,3203.69,1796
2024-01-01T09:10:00Z,3203.69,3229.51,3202.16,3228.36,2857
2024-01-01T09:15:00Z,3228.36,3234.00,3206.78,3216.59,3839
2024-01-01T09:20:00Z,3216.59,3226.53,3189.38,3194.19,3475
2024-01-01T09:25:00Z,3194.19,3197.79,3191.36,3197.35,4506
2024-01-01T09:30:00Z,3197.35,3248.85,3187.71,3240.04,2260
2024-01-01T09:35:00Z,3240.04,3244.12,3205.65,3213.95,4488
2024-01-01T09:40:00Z,3213.95,3222.24,3164.89,3169.43,4351
2024-01-01T09:45:00Z,3169.43,3206.67,3166.93,3197.77,4512
2024-01-01T09:50:00Z,3197.77,3203.99,3155.76,3161.90,2838
2024-01-01T09:55:00Z,3161.90,3192.96,3155.12,3188.43,2130
2024-01-01T10:00:00Z,3188.43,3189.83,3174.00,3175.14,1437
2024-01-01T10:05:00Z,3175.14,3180.27,3171.04,3174.55,2873
2024-01-01T10:10:00Z,3174.55,3194.59,3168.28,3193.05,4100
2024-01-01T10:15:00Z,3193.05,3201.20,3168.78,3178.38,2353
2024-01-01T10:20:00Z,3178.38,3181.19,3152.77,3156.87,3214
2024-01-01T10:25:00Z,3156.87,3158.29,3108.62,3117.88,2544
2024-01-01T10:30:00Z,3117.88,3148.35,3113.10,3142.32,4640
2024-01-01T10:35:00Z,3142.32,3150.55,3134.22,3135.33,2892
2024-01-01T10:40:00Z,3135.33,3142.15,3096.26,3105.74,1395
2024-01-01T10:45:00Z,3105.74,3112.96,3081.43,3085.21,3167
2024-01-01T10:50:00Z,3085.21,3095.06,3081.38,3082.91,3517
2024-01-01T10:55:00Z,3082.91,3087.66,3053.93,3059.18,2307
2024-01-01T11:00:00Z,3059.18,3078.06,3057.43,3075.31,2937
2024-01-01T11:05:00Z,3075.31,3076.55,3028.01,3029.74,1898
2024-01-01T11:10:00Z,3029.74,3037.01,2997.48,3001.13,4563
2024-01-01T11:15:00Z,3001.13,3005.54,2954.27,2954.65,4445
2024-01-01T11:20:00Z,2954.65,2956.20,2903.19,2908.90,3686
2024-01-01T11:25:00Z,2908.90,2954.15,2908.46,2945.54,3254
2024-01-01T11:30:00Z,2945.54,2994.50,2944.77,2985.83,1498
2024-01-01T11:35:00Z,2985.83,3037.76,2984.59,3034.79,2077
2024-01-01T11:40:00Z,3034.79,3036.30,2990.15,2992.64,1619
2024-01-01T11:45:00Z,2992.64,3013.80,2988.35,3007.53,1320
2024-01-01T11:50:00Z,3007.53,3015.67,2998.68,3008.44,3269
2024-01-01T11:55:00Z,3008.44,3013.31,2989.01,2994.07,1142
2024-01-01T12:00:00Z,2994.07,3041.70,2988.20,3038.78,1433
2024-01-01T12:05:00Z,3038.78,3087.72,3034.18,3079.19,4200
2024-01-01T12:10:00Z,3079.19,3085.30,3046.53,3052.34,1706
2024-01-01T12:15:00Z,3052.34,3052.82,3004.72,3007.07,4668
2024-01-01T12:20:00Z,3007.07,3018.40,2998.95,3017.44,4537
2024-01-01T12:25:00Z,3017.44,3026.27,2984.56,2986.68,2661
2024-01-01T12:30:00Z,2986.68,3014.13,2985.06,3009.23,1571
2024-01-01T12:35:00Z,3009.23,3061.61,3007.15,3056.85,2662
2024-01-01T12:40:00Z,3056.85,3057.25,3041.17,3042.95,3791
2024-01-01T12:45:00Z,3042.95,3064.09,3039.30,3063.94,1900
2024-01-01T12:50:00Z,3063.94,3087.48,3054.70,3082.99,1150
2024-01-01T12:55:00Z,3082.99,3085.51,3037.22,3037.55,2844
2024-01-01T13:00:00Z,3037.55,3047.23,3026.76,3036.40,2042
2024-01-01T13:05:00Z,3036.40,3060.12,3027.97,3053.89,1254
2024-01-01T13:10:00Z,3053.89,3055.61,3007.98,3011.81,2653
2024-01-01T13:15:00Z,3011.81,3034.07,3003.57,3030.90,4020
2024-01-01T13:20:00Z,3030.90,3032.56,3013.15,3021.31,1025
2024-01-01T13:25:00Z,3021.31,3063.71,3019.24,3058.34,3354
2024-01-01T13:30:00Z,3058.34,3087.25,3056.40,3081.38,3974
2024-01-01T13:35:00Z,3081.38,3129.15,3077.68,3127.40,2893
2024-01-01T13:40:00Z,3127.40,3134.41,3116.63,3123.18,1032
2024-01-01T13:45:00Z,3123.18,3133.92,3115.77,3124.46,3954
2024-01-01T13:50:00Z,3124.46,3125.60,3088.02,3094.21,3153
2024-01-01T13:55:00Z,3094.21,3116.95,3088.87,3107.43,2492
2024-01-01T14:00:00Z,3107.43,3121.58,3101.09,3119.90,4519
2024-01-01T14:05:00Z,3119.90,3120.16,3107.64,3113.55,4805
2024-01-01T14:10:00Z,3113.55,3143.38,3108.25,3139.63,1351
2024-01-01T14:15:00Z,3139.63,3140.63,3131.45,3132.48,4617
2024-01-01T14:20:00Z,3132.48,3171.76,3122.92,3162.67,4958
2024-01-01T14:25:00Z,3162.67,3187.13,3160.25,3178.97,2830
2024-01-01T14:30:00Z,3178.97,3179.74,3163.40,3171.49,4024
2024-01-01T14:35:00Z,3171.49,3219.99,3161.92,3213.30,4114
2024-01-01T14:40:00Z,3213.30,3221.51,3167.39,3168.58,4167
2024-01-01T14:45:00Z,3168.58,3177.61,3168.21,3172.71,2725
2024-01-01T14:50:00Z,3172.71,3179.74,3131.27,3133.74,1550
2024-01-01T14:55:00Z,3133.74,3140.27,3122.26,3125.37,1391
2024-01-01T15:00:00Z,3125.37,3132.51,3069.07,3076.44,3889
2024-01-01T15:05:00Z,3076.44,3131.52,3069.34,3126.07,4235
2024-01-01T15:10:00Z,3126.07,3170.43,3121.52,3168.67,2438
2024-01-01T15:15:00Z,3168.67,3177.02,3140.10,3140.43,1367
2024-01-01T15:20:00Z,3140.43,3147.95,3131.95,3132.31,3430
2024-01-01T15:25:00Z,3132.31,3183.47,3128.68,3180.36,2247
2024-01-01T15:30:00Z,3180.36,3222.89,3171.57,3217.64,4840
2024-01-01T15:35:00Z,3217.64,3225.53,3217.23,3224.48,4089
2024-01-01T15:40:00Z,3224.48,3258.25,3217.03,3251.14,1814
2024-01-01T15:45:00Z,3251.14,3296.73,3243.32,3294.39,3032
2024-01-01T15:50:00Z,3294.39,3297.49,3246.81,3255.47,2461
2024-01-01T15:55:00Z,3255.47,3262.24,3206.85,3208.99,2102
2024-01-01T16:00:00Z,3208.99,3227.52,3201.80,3225.97,3658
2024-01-01T16:05:00Z,3225.97,3244.76,3224.79,3237.73,3797
2024-01-01T16:10:00Z,3237.73,3241.98,3214.38,3222.88,2888
2024-01-01T16:15:00Z,3222.88,3246.91,3220.47,3239.41,4285
2024-01-01T16:20:00Z,3239.41,3246.24,3196.95,3202.88,3026
2024-01-01T16:25:00Z,3202.88,3211.18,3160.21,3161.80,1739
2024-01-01T16:30:00Z,3161.80,3214.01,3156.83,3208.74,3681
2024-01-01T16:35:00Z,3208.74,3218.72,3200.53,3203.30,1782
2024-01-01T16:40:00Z,3203.30,3209.34,3181.44,3184.35,2651
2024-01-01T16:45:00Z,3184.35,3188.11,3171.37,3172.91,1256
2024-01-01T16:50:00Z,3172.91,3182.72,3164.39,3182.26,3032
2024-01-01T16:55:00Z,3182.26,3185.36,3162.26,3170.69,2443
2024-01-01T17:00:00Z,3170.69,3171.13,3125.33,3127.64,2411
2024-01-01T17:05:00Z,3127.64,3134.71,3084.19,3086.06,4360
2024-01-01T17:10:00Z,3086.06,3140.99,3079.11,3135.65,1362
2024-01-01T17:15:00Z,3135.65,3140.12,3103.68,3106.22,2414
2024-01-01T17:20:00Z,3106.22,3112.76,3069.37,3070.99,1246
2024-01-01T17:25:00Z,3070.99,3079.26,3062.60,3066.95,4031
2024-01-01T17:30:00Z,3066.95,3075.02,3057.82,3069.73,1172
2024-01-01T17:35:00Z,3069.73,3123.98,3061.72,3117.46,3637
2024-01-01T17:40:00Z,3117.46,3137.25,3111.45,3135.89,2604
2024-01-01T17:45:00Z,3135.89,3171.84,3134.77,3162.60,3413
2024-01-01T17:50:00Z,3162.60,3167.10,3150.15,3154.33,4406
2024-01-01T17:55:00Z,3154.33,3173.13,3145.74,3172.49,1585
2024-01-01T18:00:00Z,3172.49,3206.72,3168.89,3201.73,3921
2024-01-01T18:05:00Z,3201.73,3209.55,3157.58,3166.59,1967
2024-01-01T18:10:00Z,3166.59,3182.18,3158.34,3177.45,3220
2024-01-01T18:15:00Z,3177.45,3208.28,3168.82,3206.85,2377
2024-01-01T18:20:00Z,3206.85,3230.55,3202.78,3230.19,1279
2024-01-01T18:25:00Z,3230.19,3273.33,3224.33,3264.80,1894
2024-01-01T18:30:00Z,3264.80,3274.64,3258.36,3269.06,1038
2024-01-01T18:35:00Z,3269.06,3274.90,3259.35,3260.11,2854
2024-01-01T18:40:00Z,3260.11,3284.85,3257.61,3277.18,2915
2024-01-01T18:45:00Z,3277.18,3277.88,3251.19,3256.29,4612
2024-01-01T18:50:00Z,3256.29,3259.88,3221.84,3229.76,2177
2024-01-01T18:55:00Z,3229.76,3235.32,3181.55,3189.65,2095
2024-01-01T19:00:00Z,3189.65,3199.09,3188.46,3198.37,3583
2024-01-01T19:05:00Z,3198.37,3222.02,3195.36,3214.14,4759
2024-01-01T19:10:00Z,3214.14,3256.69,3212.26,3255.32,3360
2024-01-01T19:15:00Z,3255.32,3264.24,3210.69,3219.00,1097
2024-01-01T19:20:00Z,3219.00,3222.62,3199.80,3208.64,1108
2024-01-01T19:25:00Z,3208.64,3251.77,3208.11,3247.93,3652
2024-01-01T19:30:00Z,3247.93,3255.48,3239.58,3250.44,2948
2024-01-01T19:35:00Z,3250.44,3253.37,3205.20,3206.44,4945
2024-01-01T19:40:00Z,3206.44,3235.05,3202.22,3231.34,2351
2024-01-01T19:45:00Z,3231.34,3235.65,3219.88,3227.94,4528
2024-01-01T19:50:00Z,3227.94,3231.04,3218.91,3224.58,1617
2024-01-01T19:55:00Z,3224.58,3272.04,3216.92,3262.84,2372
2024-01-01T20:00:00Z,3262.84,3273.29,3253.86,3265.61,3949
2024-01-01T20:05:00Z,3265.61,3290.59,3261.80,3282.77,1812
2024-01-01T20:10:00Z,3282.77,3287.32,3233.50,3234.71,1617
2024-01-01T20:15:00Z,3234.71,3288.19,3225.91,3280.05,3478
2024-01-01T20:20:00Z,3280.05,3282.07,3222.82,3231.23,4065
2024-01-01T20:25:00Z,3231.23,3236.17,3222.57,3228.16,4863
2024-01-01T20:30:00Z,3228.16,3233.72,3222.55,3233.69,3328
2024-01-01T20:35:00Z,3233.69,3274.38,3225.89,3265.40,3418
2024-01-01T20:40:00Z,3265.40,3294.01,3255.80,3289.09,2167
2024-01-01T20:45:00Z,3289.09,3292.96,3275.36,3278.51,4867
2024-01-01T20:50:00Z,3278.51,3329.66,3275.32,3327.47,1043
2024-01-01T20:55:00Z,3327.47,3333.98,3299.16,3308.45,3612
2024-01-01T21:00:00Z,3308.45,3317.92,3300.10,3301.52,3725
2024-01-01T21:05:00Z,3301.52,3301.53,3250.72,3259.45,1136
2024-01-01T21:10:00Z,3259.45,3268.77,3228.58,3230.40,3677
2024-01-01T21:15:00Z,3230.40,3238.39,3198.68,3202.54,1482
2024-01-01T21:20:00Z,3202.54,3225.15,3198.37,3219.99,2845
2024-01-01T21:25:00Z,3219.99,3261.25,3217.74,3255.37,3497
2024-01-01T21:30:00Z,3255.37,3302.78,3247.61,3294.04,2000
2024-01-01T21:35:00Z,3294.04,3299.52,3254.98,3261.54,4615
2024-01-01T21:40:00Z,3261.54,3270.61,3217.39,3218.90,4478
2024-01-01T21:45:00Z,3218.90,3245.51,3213.65,3244.51,3947
2024-01-01T21:50:00Z,3244.51,3265.60,3243.69,3256.34,2848
2024-01-01T21:55:00Z,3256.34,3262.80,3219.42,3226.88,1763
2024-01-01T22:00:00Z,3226.88,3262.16,3223.52,3260.18,4175
2024-01-01T22:05:00Z,3260.18,3264.85,3225.59,3233.58,4371
2024-01-01T22:10:00Z,3233.58,3260.95,3225.63,3255.76,1819
2024-01-01T22:15:00Z,3255.76,3262.00,3219.51,3228.10,3646
2024-01-01T22:20:00Z,3228.10,3230.89,3199.74,3205.70,2255
2024-01-01T22:25:00Z,3205.70,3225.59,3202.05,3220.43,3300
2024-01-01T22:30:00Z,3220.43,3276.31,3212.00,3269.50,4714
2024-01-01T22:35:00Z,3269.50,3277.68,3265.31,3270.05,1965
2024-01-01T22:40:00Z,3270.05,3275.91,3228.77,3232.94,4908
2024-01-01T22:45:00Z,3232.94,3241.56,3197.38,3204.08,3425
2024-01-01T22:50:00Z,3204.08,3207.17,3163.42,3164.90,1951
2024-01-01T22:55:00Z,3164.90,3168.10,3140.23,3145.37,4978
2024-01-01T23:00:00Z,3145.37,3149.57,3100.11,3101.97,4708
2024-01-01T23:05:00Z,3101.97,3106.29,3051.51,3056.95,2266
2024-01-01T23:10:00Z,3056.95,3097.90,3048.92,3090.29,3213
2024-01-01T23:15:00Z,3090.29,3111.43,3086.92,3102.73,4834
2024-01-01T23:20:00Z,3102.73,3108.26,3061.90,3062.66,3550
2024-01-01T23:25:00Z,3062.66,3071.48,3028.82,3033.33,2654
2024-01-01T23:30:00Z,3033.33,3054.06,3031.27,3044.17,2354
2024-01-01T23:35:00Z,3044.17,3045.43,3028.32,3031.02,3681
2024-01-01T23:40:00Z,3031.02,3039.51,2989.13,2997.76,1339
2024-01-01T23:45:00Z,2997.76,3010.38,2995.84,3005.46,3789
2024-01-01T23:50:00Z,3005.46,3006.47,2958.26,2959.70,2801
2024-01-01T23:55:00Z,2959.70,2960.86,2905.80,2915.62,1949
2024-01-02T00:00:00Z,2915.62,2964.65,2914.23,2962.76,4005
2024-01-02T00:05:00Z,2962.76,2971.52,2929.31,2937.19,1735
2024-01-02T00:10:00Z,2937.19,2991.95,2934.01,2984.23,1241
2024-01-02T00:15:00Z,2984.23,2986.28,2947.35,2956.83,3826
2024-01-02T00:20:00Z,2956.83,2958.16,2952.02,2955.88,4103
2024-01-02T00:25:00Z,2955.88,2958.41,2902.89,2906.71,3429
2024-01-02T00:30:00Z,2906.71,2910.50,2886.94,2892.89,1424
2024-01-02T00:35:00Z,2892.89,2916.75,2889.35,2916.75,2967
2024-01-02T00:40:00Z,2916.75,2926.43,2863.82,2867.49,1716
2024-01-02T00:45:00Z,2867.49,2921.51,2863.23,2916.32,2165
2024-01-02T00:50:00Z,2916.32,2923.10,2871.23,2872.38,4218
2024-01-02T00:55:00Z,2872.38,2873.69,2834.98,2839.69,4349
2024-01-02T01:00:00Z,2839.69,2844.06,2795.35,2804.95,4705
2024-01-02T01:05:00Z,2804.95,2830.07,2802.66,2828.01,3875
2024-01-02T01:10:00Z,2828.01,2864.10,2824.11,2858.79,4462
2024-01-02T01:15:00Z,2858.79,2865.61,2832.41,2836.87,4881
2024-01-02T01:20:00Z,2836.87,2845.14,2828.15,2828.68,2030
2024-01-02T01:25:00Z,2828.68,2870.13,2821.49,2862.44,4885
2024-01-02T01:30:00Z,2862.44,2884.07,2855.29,2883.12,2318
2024-01-02T01:35:00Z,2883.12,2888.89,2842.58,2846.92,1922
2024-01-02T01:40:00Z,2846.92,2895.25,2837.38,2887.67,2206
2024-01-02T01:45:00Z,2887.67,2891.95,2834.09,2841.70,4205
2024-01-02T01:50:00Z,2841.70,2872.10,2837.99,2865.61,2829
2024-01-02T01:55:00Z,2865.61,2871.22,2828.49,2828.59,2515
2024-01-02T02:00:00Z,2828.59,2830.03,2798.05,2801.91,2384
2024-01-02T02:05:00Z,2801.91,2804.05,2790.00,2800.00,2535
2024-01-02T02:10:00Z,2800.00,2831.73,2797.80,2821.84,3544
2024-01-02T02:15:00Z,2821.84,2830.84,2815.12,2820.93,1923
2024-01-02T02:20:00Z,2820.93,2822.52,2790.42,2800.00,3092
2024-01-02T02:25:00Z,2800.00,2824.24,2790.70,2822.80,4960
2024-01-02T02:30:00Z,2822.80,2825.32,2794.81,2800.00,1757
2024-01-02T02:35:00Z,2800.00,2802.61,2791.59,2800.00,1585
2024-01-02T02:40:00Z,2800.00,2803.36,2799.03,2800.00,4975
2024-01-02T02:45:00Z,2800.00,2800.88,2798.47,2800.00,3775
2024-01-02T02:50:00Z,2800.00,2831.49,2794.17,2825.79,1207
2024-01-02T02:55:00Z,2825.79,2827.04,2796.89,2800.00,4358
2024-01-02T03:00:00Z,2800.00,2801.40,2796.39,2800.00,4884
2024-01-02T03:05:00Z,2800.00,2815.12,2793.49,2810.24,1357
2024-01-02T03:10:00Z,2810.24,2814.21,2797.19,2800.00,4306
2024-01-02T03:15:00Z,2800.00,2827.60,2790.13,2819.49,2829
2024-01-02T03:20:00Z,2819.49,2820.23,2794.48,2800.00,1617
2024-01-02T03:25:00Z,2800.00,2836.16,2799.60,2830.29,1034
2024-01-02T03:30:00Z,2830.29,2832.93,2792.35,2800.00,1632
2024-01-02T03:35:00Z,2800.00,2814.84,2792.18,2806.05,4761
2024-01-02T03:40:00Z,2806.05,2856.96,2804.83,2850.17,2027
2024-01-02T03:45:00Z,2850.17,2898.92,2844.73,2890.21,3385
2024-01-02T03:50:00Z,2890.21,2908.83,2882.42,2908.76,4176
2024-01-02T03:55:00Z,2908.76,2942.77,2898.77,2939.51,4790
2024-01-02T04:00:00Z,2939.51,2949.10,2930.46,2947.84,1540
2024-01-02T04:05:00Z,2947.84,2956.72,2947.47,2955.16,2920
2024-01-02T04:10:00Z,2955.16,2958.68,2905.50,2915.15,2353
2024-01-02T04:15:00Z,2915.15,2942.32,2909.86,2937.40,2343
2024-01-02T04:20:00Z,2937.40,2952.27,2928.54,2948.87,1064
2024-01-02T04:25:00Z,2948.87,2974.98,2943.30,2967.68,2106
2024-01-02T04:30:00Z,2967.68,2980.18,2962.99,2970.62,4183
2024-01-02T04:35:00Z,2970.62,3003.84,2968.61,3001.38,3721
2024-01-02T04:40:00Z,3001.38,3009.55,2972.12,2977.87,2738
2024-01-02T04:45:00Z,2977.87,3031.68,2974.20,3025.21,4140
2024-01-02T04:50:00Z,3025.21,3045.85,3023.65,3039.43,3193
2024-01-02T04:55:00Z,3039.43,3082.05,3030.69,3080.00,1771
2024-01-02T05:00:00Z,3080.00,3084.44,3076.03,3077.82,2870
2024-01-02T05:05:00Z,3077.82,3087.65,3069.28,3071.87,4414
2024-01-02T05:10:00Z,3071.87,3085.06,3065.82,3078.77,3469
2024-01-02T05:15:00Z,3078.77,3099.88,3072.05,3097.47,4414
2024-01-02T05:20:00Z,3097.47,3100.32,3061.83,3062.57,4619
2024-01-02T05:25:00Z,3062.57,3105.28,3058.94,3104.34,4871
2024-01-02T05:30:00Z,3104.34,3152.61,3100.60,3151.61,1183
2024-01-02T05:35:00Z,3151.61,3158.96,3147.90,3158.88,2295
2024-01-02T05:40:00Z,3158.88,3161.64,3113.88,3117.06,2455
2024-01-02T05:45:00Z,3117.06,3124.40,3071.36,3073.76,2127
2024-01-02T05:50:00Z,3073.76,3086.79,3065.10,3079.57,2380
2024-01-02T05:55:00Z,3079.57,3087.07,3032.71,3033.69,2604
2024-01-02T06:00:00Z,3033.69,3083.68,3029.71,3080.65,3485
2024-01-02T06:05:00Z,3080.65,3090.34,3041.11,3043.86,2535
2024-01-02T06:10:00Z,3043.86,3045.98,2997.03,3001.98,2360
2024-01-02T06:15:00Z,3001.98,3015.03,2999.17,3012.89,3242
2024-01-02T06:20:00Z,3012.89,3015.71,2983.29,2988.64,2642
2024-01-02T06:25:00Z,2988.64,3034.06,2980.78,3030.98,2669
2024-01-02T06:30:00Z,3030.98,3038.89,2981.98,2985.45,1785
2024-01-02T06:35:00Z,2985.45,2985.62,2949.03,2958.30,1891
2024-01-02T06:40:00Z,2958.30,2968.03,2907.76,2908.52,2077
2024-01-02T06:45:00Z,2908.52,2927.12,2906.60,2919.62,1451
2024-01-02T06:50:00Z,2919.62,2928.96,2866.91,2869.74,4422
2024-01-02T06:55:00Z,2869.74,2878.73,2836.88,2843.61,2378
2024-01-02T07:00:00Z,2843.61,2846.66,2836.77,2837.64,4037
2024-01-02T07:05:00Z,2837.64,2844.52,2804.30,2809.07,3643
2024-01-02T07:10:00Z,2809.07,2820.55,2803.31,2810.75,2362
2024-01-02T07:15:00Z,2810.75,2823.77,2809.20,2822.98,1255
2024-01-02T07:20:00Z,2822.98,2825.70,2798.05,2801.43,3545
2024-01-02T07:25:00Z,2801.43,2801.55,2790.50,2800.00,3031
2024-01-02T07:30:00Z,2800.00,2804.23,2795.90,2800.00,4958
2024-01-02T07:35:00Z,2800.00,2809.31,2798.21,2800.00,1580
2024-01-02T07:40:00Z,2800.00,2800.02,2792.44,2800.00,4693
2024-01-02T07:45:00Z,2800.00,2844.65,2799.92,2842.98,2258
2024-01-02T07:50:00Z,2842.98,2847.13,2834.95,2842.47,3524
2024-01-02T07:55:00Z,2842.47,2850.98,2804.86,2809.77,4689
2024-01-02T08:00:00Z,2809.77,2839.77,2804.06,2837.59,4866
2024-01-02T08:05:00Z,2837.59,2844.09,2835.51,2843.73,2714
2024-01-02T08:10:00Z,2843.73,2849.52,2822.59,2829.29,4165
2024-01-02T08:15:00Z,2829.29,2834.17,2800.73,2807.07,3343
2024-01-02T08:20:00Z,2807.07,2841.52,2804.85,2837.21,3481
2024-01-02T08:25:00Z,2837.21,2839.53,2818.13,2819.47,1468
2024-01-02T08:30:00Z,2819.47,2819.70,2798.59,2800.00,3886
2024-01-02T08:35:00Z,2800.00,2803.19,2796.65,2800.00,1954
2024-01-02T08:40:00Z,2800.00,2848.11,2797.89,2843.24,4229
2024-01-02T08:45:00Z,2843.24,2845.36,2823.39,2829.23,1328
2024-01-02T08:50:00Z,2829.23,2861.95,2823.55,2858.67,2400
2024-01-02T08:55:00Z,2858.67,2860.84,2858.08,2858.44,1027
2024-01-02T09:00:00Z,2858.44,2888.19,2850.15,2886.52,3966
2024-01-02T09:05:00Z,2886.52,2908.13,2880.53,2899.43,3184
2024-01-02T09:10:00Z,2899.43,2903.97,2850.87,2857.90,3152
2024-01-02T09:15:00Z,2857.90,2902.27,2856.20,2897.41,1148
2024-01-02T09:20:00Z,2897.41,2901.72,2863.28,2871.87,4163
2024-01-02T09:25:00Z,2871.87,2880.14,2847.28,2849.54,3357
2024-01-02T09:30:00Z,2849.54,2885.69,2841.28,2884.29,4981
2024-01-02T09:35:00Z,2884.29,2908.55,2878.09,2900.71,1185
2024-01-02T09:40:00Z,2900.71,2950.71,2891.30,2949.36,1368
2024-01-02T09:45:00Z,2949.36,2955.29,2942.15,2948.24,1248
2024-01-02T09:50:00Z,2948.24,2993.62,2941.02,2986.97,4624
2024-01-02T09:55:00Z,2986.97,2988.30,2985.10,2987.84,2233
2024-01-02T10:00:00Z,2987.84,2993.15,2952.55,2953.60,1266
2024-01-02T10:05:00Z,2953.60,2956.06,2932.10,2939.40,4814
2024-01-02T10:10:00Z,2939.40,2985.90,2930.46,2983.49,2956
2024-01-02T10:15:00Z,2983.49,2989.54,2929.11,2937.93,2203
2024-01-02T10:20:00Z,2937.93,2977.95,2932.42,2971.38,4041
2024-01-02T10:25:00Z,2971.38,2976.67,2965.90,2975.90,3604
2024-01-02T10:30:00Z,2975.90,3016.00,2966.86,3008.03,3445
2024-01-02T10:35:00Z,3008.03,3011.23,2967.67,2968.48,4207
2024-01-02T10:40:00Z,2968.48,3018.95,2960.10,3013.78,1533
2024-01-02T10:45:00Z,3013.78,3037.14,3006.89,3031.61,3961
2024-01-02T10:50:00Z,3031.61,3041.48,3020.55,3022.06,1994
2024-01-02T10:55:00Z,3022.06,3043.19,3021.88,3041.99,2130
2024-01-02T11:00:00Z,3041.99,3074.54,3041.27,3070.32,4408
2024-01-02T11:05:00Z,3070.32,3074.59,3062.11,3069.74,1320
2024-01-02T11:10:00Z,3069.74,3122.54,3067.29,3118.00,3243
2024-01-02T11:15:00Z,3118.00,3119.19,3093.76,3102.25,3484
2024-01-02T11:20:00Z,3102.25,3103.17,3062.86,3068.22,3108
2024-01-02T11:25:00Z,3068.22,3102.40,3061.99,3094.91,2127
2024-01-02T11:30:00Z,3094.91,3149.84,3091.35,3141.73,3231
2024-01-02T11:35:00Z,3141.73,3187.35,3132.21,3184.36,3802
2024-01-02T11:40:00Z,3184.36,3218.49,3176.08,3212.28,3730
2024-01-02T11:45:00Z,3212.28,3214.56,3184.03,3187.10,3105
2024-01-02T11:50:00Z,3187.10,3220.09,3185.59,3212.51,1895
2024-01-02T11:55:00Z,3212.51,3213.79,3189.26,3193.24,2143
2024-01-02T12:00:00Z,3193.24,3198.54,3156.17,3157.06,3427
2024-01-02T12:05:00Z,3157.06,3170.41,3151.90,3165.51,1139
2024-01-02T12:10:00Z,3165.51,3203.35,3156.67,3195.45,3732
2024-01-02T12:15:00Z,3195.45,3197.50,3150.97,3152.51,3731
2024-01-02T12:20:00Z,3152.51,3158.20,3144.69,3152.75,3886
2024-01-02T12:25:00Z,3152.75,3154.42,3128.10,3131.83,4724
2024-01-02T12:30:00Z,3131.83,3160.41,3124.10,3160.31,1037
2024-01-02T12:35:00Z,3160.31,3174.06,3150.56,3170.08,4362
2024-01-02T12:40:00Z,3170.08,3170.78,3157.19,3161.39,2584
2024-01-02T12:45:00Z,3161.39,3164.84,3131.30,3132.46,2153
2024-01-02T12:50:00Z,3132.46,3140.40,3084.16,3092.99,2833
2024-01-02T12:55:00Z,3092.99,3099.24,3072.90,3077.46,3195
2024-01-02T13:00:00Z,3077.46,3092.51,3070.25,3087.83,4050
2024-01-02T13:05:00Z,3087.83,3094.60,3062.46,3072.41,4887
2024-01-02T13:10:00Z,3072.41,3073.99,3029.91,3038.14,3299
2024-01-02T13:15:00Z,3038.14,3064.98,3033.76,3059.92,2603
2024-01-02T13:20:00Z,3059.92,3091.88,3057.22,3091.44,1001
2024-01-02T13:25:00Z,3091.44,3127.58,3086.72,3120.00,1629
2024-01-02T13:30:00Z,3120.00,3124.93,3106.69,3112.85,2990
2024-01-02T13:35:00Z,3112.85,3122.00,3085.31,3091.18,1641
2024-01-02T13:40:00Z,3091.18,3098.80,3087.12,3096.56,1518
2024-01-02T13:45:00Z,3096.56,3116.38,3091.62,3114.26,3946
2024-01-02T13:50:00Z,3114.26,3118.74,3069.39,3071.78,1211
2024-01-02T13:55:00Z,3071.78,3079.49,3066.07,3074.07,3396
2024-01-02T14:00:00Z,3074.07,3078.89,3053.24,3059.67,2205
2024-01-02T14:05:00Z,3059.67,3064.22,3037.48,3045.11,4384
2024-01-02T14:10:00Z,3045.11,3100.34,3041.77,3094.70,4409
2024-01-02T14:15:00Z,3094.70,3099.67,3043.82,3050.71,1971
2024-01-02T14:20:00Z,3050.71,3064.48,3050.50,3057.86,2974
2024-01-02T14:25:00Z,3057.86,3060.93,3010.67,3017.91,3413
2024-01-02T14:30:00Z,3017.91,3028.10,3008.66,3022.76,2350
2024-01-02T14:35:00Z,3022.76,3028.83,3016.42,3024.63,4548
2024-01-02T14:40:00Z,3024.63,3067.07,3023.22,3066.90,4203
2024-01-02T14:45:00Z,3066.90,3069.75,3035.96,3044.02,1393
2024-01-02T14:50:00Z,3044.02,3049.61,3038.78,3040.12,1451
2024-01-02T14:55:00Z,3040.12,3084.34,3033.35,3077.91,3311
2024-01-02T15:00:00Z,3077.91,3113.82,3073.10,3103.86,4444
2024-01-02T15:05:00Z,3103.86,3106.68,3098.87,3105.90,1194
2024-01-02T15:10:00Z,3105.90,3132.13,3098.38,3131.73,4284
2024-01-02T15:15:00Z,3131.73,3139.02,3128.46,3134.76,3306
2024-01-02T15:20:00Z,3134.76,3182.19,3125.46,3177.72,1171
2024-01-02T15:25:00Z,3177.72,3186.60,3153.58,3163.30,2146
2024-01-02T15:30:00Z,3163.30,3208.10,3162.97,3198.88,3163
2024-01-02T15:35:00Z,3198.88,3204.99,3158.98,3166.23,4625
2024-01-02T15:40:00Z,3166.23,3205.37,3160.45,3201.90,3090
2024-01-02T15:45:00Z,3201.90,3253.41,3198.23,3245.68,4382
2024-01-02T15:50:00Z,3245.68,3248.48,3245.26,3247.55,1925
2024-01-02T15:55:00Z,3247.55,3260.61,3241.87,3250.76,1141
2024-01-02T16:00:00Z,3250.76,3256.33,3222.16,3223.99,2724
2024-01-02T16:05:00Z,3223.99,3251.57,3221.77,3245.23,4487
2024-01-02T16:10:00Z,3245.23,3247.18,3197.63,3197.68,3391
2024-01-02T16:15:00Z,3197.68,3207.26,3143.37,3152.12,1588
2024-01-02T16:20:00Z,3152.12,3160.59,3123.94,3133.58,1731
2024-01-02T16:25:00Z,3133.58,3176.37,3127.20,3168.33,1625
2024-01-02T16:30:00Z,3168.33,3169.17,3121.11,3126.35,2050
2024-01-02T16:35:00Z,3126.35,3168.25,3118.80,3160.85,4484
2024-01-02T16:40:00Z,3160.85,3170.82,3143.19,3146.27,3465
2024-01-02T16:45:00Z,3146.27,3149.22,3137.13,3139.07,1891
2024-01-02T16:50:00Z,3139.07,3146.13,3096.62,3101.60,3971
2024-01-02T16:55:00Z,3101.60,3136.08,3093.58,3128.39,3243
2024-01-02T17:00:00Z,3128.39,3137.35,3091.03,3100.20,3742
2024-01-02T17:05:00Z,3100.20,3104.05,3050.35,3052.23,2710
2024-01-02T17:10:00Z,3052.23,3094.35,3048.72,3094.08,3512
2024-01-02T17:15:00Z,3094.08,3103.67,3054.76,3055.03,2136
2024-01-02T17:20:00Z,3055.03,3056.38,3046.63,3049.07,1188
2024-01-02T17:25:00Z,3049.07,3066.58,3041.88,3063.99,1081
2024-01-02T17:30:00Z,3063.99,3086.68,3063.42,3079.27,1564
2024-01-02T17:35:00Z,3079.27,3088.23,3056.05,3059.93,2246
