Nucleos,TickNumero,TiempoSecuencialMs,TiempoParaleloMs,Speedup,Eficiencia,DecisionesPorSegundo,PorcentajeLock,PrecioOro,SaldoPortafolio,Timestamp
1,438,11,3,3.6667,3.6667,750.00,0.00,3229.76,10000.00,2026-04-18T00:55:44.9374278Z
1,439,1,1,1.0000,1.0000,1500.00,0.00,3189.65,9503.99,2026-04-18T00:55:46.9508377Z
1,440,1,1,1.0000,1.0000,1500.00,0.00,3198.37,8653.70,2026-04-18T00:55:48.9618315Z
1,441,1,1,1.0000,1.0000,1500.00,0.00,3214.14,8462.27,2026-04-18T00:55:50.9723614Z
1,442,1,1,1.0000,1.0000,1500.00,0.00,3255.32,7982.69,2026-04-18T00:55:52.9783027Z
1,443,1,1,1.0000,1.0000,1500.00,0.00,3219.00,7684.19,2026-04-18T00:55:54.9921562Z
1,444,1,1,1.0000,1.0000,1500.00,0.00,3208.64,7726.39,2026-04-18T00:55:56.9931216Z
1,445,1,1,1.0000,1.0000,1500.00,0.00,3247.93,6849.28,2026-04-18T00:55:59.0022830Z
1,446,1,1,1.0000,1.0000,1500.00,0.00,3250.44,6740.37,2026-04-18T00:56:01.0044640Z
1,447,1,1,1.0000,1.0000,1500.00,0.00,3206.44,6377.30,2026-04-18T00:56:03.0183825Z
1,448,1,1,1.0000,1.0000,1500.00,0.00,3231.34,5652.64,2026-04-18T00:56:05.0210130Z
1,449,1,1,1.0000,1.0000,1500.00,0.00,3227.94,5676.55,2026-04-18T00:56:07.0213658Z
1,450,1,1,1.0000,1.0000,1500.00,0.00,3224.58,5719.47,2026-04-18T00:56:09.0305567Z
1,451,1,1,1.0000,1.0000,1500.00,0.00,3262.84,4984.88,2026-04-18T00:56:11.0398873Z
1,452,1,1,1.0000,1.0000,1500.00,0.00,3265.61,4556.10,2026-04-18T00:56:13.0530414Z
1,453,1,1,1.0000,1.0000,1500.00,0.00,3282.77,4423.26,2026-04-18T00:56:15.0612408Z
1,454,1,1,1.0000,1.0000,1500.00,0.00,3234.71,3375.05,2026-04-18T00:56:17.0655246Z
1,455,1,1,1.0000,1.0000,1500.00,0.00,3280.05,2388.00,2026-04-18T00:56:19.0756349Z
1,456,1,1,1.0000,1.0000,1500.00,0.00,3231.23,1471.93,2026-04-18T00:56:21.0897117Z
1,457,1,1,1.0000,1.0000,1500.00,0.00,3228.16,953.44,2026-04-18T00:56:23.1027164Z
1,458,1,1,1.0000,1.0000,1500.00,0.00,3233.69,996.34,2026-04-18T00:56:25.1145330Z
1,459,1,1,1.0000,1.0000,1500.00,0.00,3265.40,682.10,2026-04-18T00:56:27.1278120Z
1,460,1,1,1.0000,1.0000,1500.00,0.00,3289.09,393.50,2026-04-18T00:56:29.1396875Z
1,461,1,1,1.0000,1.0000,1500.00,0.00,3278.51,292.50,2026-04-18T00:56:31.1537864Z
1,462,1,1,1.0000,1.0000,1500.00,0.00,3327.47,-294.08,2026-04-18T00:56:33.1597211Z
1,463,1,1,1.0000,1.0000,1500.00,0.00,3308.45,-1249.88,2026-04-18T00:56:35.1740326Z
1,464,1,1,1.0000,1.0000,1500.00,0.00,3301.52,-1406.85,2026-04-18T00:56:37.1792565Z
1,465,1,1,1.0000,1.0000,1500.00,0.00,3259.45,-1911.70,2026-04-18T00:56:39.1802395Z
1,466,1,1,1.0000,1.0000,1500.00,0.00,3230.40,-2282.01,2026-04-18T00:56:41.1930631Z
1,467,1,1,1.0000,1.0000,1500.00,0.00,3202.54,-2887.96,2026-04-18T00:56:43.1930859Z
1,468,1,1,1.0000,1.0000,1500.00,0.00,3219.99,-2880.71,2026-04-18T00:56:45.1960043Z
1,469,1,1,1.0000,1.0000,1500.00,0.00,3255.37,-4101.99,2026-04-18T00:56:47.2019979Z
1,470,1,1,1.0000,1.0000,1500.00,0.00,3294.04,-4251.75,2026-04-18T00:56:49.2076384Z
1,471,1,1,1.0000,1.0000,1500.00,0.00,3261.54,-5371.36,2026-04-18T00:56:51.2179137Z
1,472,1,1,1.0000,1.0000,1500.00,0.00,3218.90,-6603.99,2026-04-18T00:56:53.2246663Z
1,473,1,1,1.0000,1.0000,1500.00,0.00,3244.51,-6909.82,2026-04-18T00:56:55.2281322Z
1,474,1,1,1.0000,1.0000,1500.00,0.00,3256.34,-6986.89,2026-04-18T00:56:57.2308892Z
1,662,1,1,1.0000,1.0000,1500.00,0.00,3112.85,-8440.94,2026-04-18T01:03:14.6762670Z
1,663,1,1,1.0000,1.0000,1500.00,0.00,3091.18,-8655.49,2026-04-18T01:03:16.6885773Z
1,664,1,1,1.0000,1.0000,1500.00,0.00,3096.56,-9233.86,2026-04-18T01:03:18.7032792Z
1,665,1,1,1.0000,1.0000,1500.00,0.00,3114.26,-9369.98,2026-04-18T01:03:20.7102858Z
1,666,1,1,1.0000,1.0000,1500.00,0.00,3071.78,-9846.87,2026-04-18T01:03:22.7204850Z
1,667,1,1,1.0000,1.0000,1500.00,0.00,3074.07,-9827.19,2026-04-18T01:03:24.7341968Z
1,668,1,1,1.0000,1.0000,1500.00,0.00,3059.67,-9997.16,2026-04-18T01:03:26.7369864Z
1,669,1,1,1.0000,1.0000,1500.00,0.00,3045.11,-10340.26,2026-04-18T01:03:28.7464775Z
1,670,1,1,1.0000,1.0000,1500.00,0.00,3094.70,-10682.01,2026-04-18T01:03:30.7586949Z
1,671,1,1,1.0000,1.0000,1500.00,0.00,3050.71,-11117.45,2026-04-18T01:03:32.7701149Z
1,672,1,1,1.0000,1.0000,1500.00,0.00,3057.86,-11635.11,2026-04-18T01:03:34.7749449Z
1,673,1,1,1.0000,1.0000,1500.00,0.00,3017.91,-12107.24,2026-04-18T01:03:36.7779209Z
1,674,1,1,1.0000,1.0000,1500.00,0.00,3022.76,-12234.04,2026-04-18T01:03:38.7868521Z
1,675,1,1,1.0000,1.0000,1500.00,0.00,3024.63,-12944.19,2026-04-18T01:03:40.7932943Z
1,676,1,1,1.0000,1.0000,1500.00,0.00,3066.90,-13772.87,2026-04-18T01:03:42.8001121Z
1,677,1,1,1.0000,1.0000,1500.00,0.00,3044.02,-13962.59,2026-04-18T01:03:44.8083827Z
1,678,1,1,1.0000,1.0000,1500.00,0.00,3040.12,-14455.48,2026-04-18T01:03:46.8158371Z
1,679,1,1,1.0000,1.0000,1500.00,0.00,3077.91,-14434.51,2026-04-18T01:03:48.8240170Z
1,680,1,1,1.0000,1.0000,1500.00,0.00,3103.86,-14654.47,2026-04-18T01:03:50.8315171Z
1,681,1,1,1.0000,1.0000,1500.00,0.00,3105.90,-15217.95,2026-04-18T01:03:52.8368163Z
1,682,1,1,1.0000,1.0000,1500.00,0.00,3131.73,-15395.44,2026-04-18T01:03:54.8446347Z
1,683,1,1,1.0000,1.0000,1500.00,0.00,3134.76,-15612.18,2026-04-18T01:03:56.8457928Z
1,684,1,1,1.0000,1.0000,1500.00,0.00,3177.72,-15702.93,2026-04-18T01:03:58.8464996Z
1,685,1,1,1.0000,1.0000,1500.00,0.00,3163.30,-15999.53,2026-04-18T01:04:00.8600647Z
1,686,1,1,1.0000,1.0000,1500.00,0.00,3198.88,-16610.42,2026-04-18T01:04:02.8607238Z
1,687,1,1,1.0000,1.0000,1500.00,0.00,3166.23,-17575.73,2026-04-18T01:04:04.8675723Z
1,688,1,1,1.0000,1.0000,1500.00,0.00,3201.90,-17781.07,2026-04-18T01:04:06.8782111Z
1,689,1,1,1.0000,1.0000,1500.00,0.00,3245.68,-18088.26,2026-04-18T01:04:08.8827367Z
1,690,1,1,1.0000,1.0000,1500.00,0.00,3247.55,-18208.88,2026-04-18T01:04:10.8916475Z
1,691,1,1,1.0000,1.0000,1500.00,0.00,3250.76,-18948.72,2026-04-18T01:04:12.9056122Z
1,692,1,1,1.0000,1.0000,1500.00,0.00,3223.99,-19061.25,2026-04-18T01:04:14.9140558Z
1,693,1,1,1.0000,1.0000,1500.00,0.00,3245.23,-19738.88,2026-04-18T01:04:16.9288420Z
1,694,1,1,1.0000,1.0000,1500.00,0.00,3197.68,-20452.55,2026-04-18T01:04:18.9329092Z
1,695,1,1,1.0000,1.0000,1500.00,0.00,3152.12,-20407.48,2026-04-18T01:04:20.9457014Z
1,696,1,1,1.0000,1.0000,1500.00,0.00,3133.58,-21124.99,2026-04-18T01:04:22.9573066Z
1,697,1,1,1.0000,1.0000,1500.00,0.00,3168.33,-21528.00,2026-04-18T01:04:24.9650523Z
1,698,1,1,1.0000,1.0000,1500.00,0.00,3126.35,-21947.90,2026-04-18T01:04:26.9768007Z
1,699,1,1,1.0000,1.0000,1500.00,0.00,3160.85,-22443.05,2026-04-18T01:04:28.9854369Z
1,700,1,1,1.0000,1.0000,1500.00,0.00,3146.27,-22987.57,2026-04-18T01:04:30.9963658Z
1,701,1,1,1.0000,1.0000,1500.00,0.00,3139.07,-23311.45,2026-04-18T01:04:33.0083015Z
1,702,1,1,1.0000,1.0000,1500.00,0.00,3101.60,-23810.74,2026-04-18T01:04:35.0237207Z
1,703,1,1,1.0000,1.0000,1500.00,0.00,3128.39,-23775.32,2026-04-18T01:04:37.0306908Z
1,704,1,1,1.0000,1.0000,1500.00,0.00,3100.20,-24208.37,2026-04-18T01:04:39.0325344Z
1,705,1,1,1.0000,1.0000,1500.00,0.00,3052.23,-24638.76,2026-04-18T01:04:41.0374873Z
1,706,1,1,1.0000,1.0000,1500.00,0.00,3094.08,-25809.31,2026-04-18T01:04:43.0461508Z
1,707,1,1,1.0000,1.0000,1500.00,0.00,3055.03,-26032.73,2026-04-18T01:04:45.0497683Z
1,708,1,1,1.0000,1.0000,1500.00,0.00,3049.07,-26402.87,2026-04-18T01:04:47.0525054Z
1,709,1,1,1.0000,1.0000,1500.00,0.00,3063.99,-27107.69,2026-04-18T01:04:49.0585881Z
1,710,1,1,1.0000,1.0000,1500.00,0.00,3079.27,-27366.81,2026-04-18T01:04:51.0636212Z
1,711,1,1,1.0000,1.0000,1500.00,0.00,3059.93,-27481.93,2026-04-18T01:04:53.0697458Z
1,712,1,1,1.0000,1.0000,1500.00,0.00,3116.81,-27858.93,2026-04-18T01:04:55.0751273Z
1,713,1,1,1.0000,1.0000,1500.00,0.00,3083.65,-28195.61,2026-04-18T01:04:57.0810053Z
1,714,1,1,1.0000,1.0000,1500.00,0.00,3051.02,-29025.06,2026-04-18T01:04:59.0939527Z
1,715,1,1,1.0000,1.0000,1500.00,0.00,3051.58,-29175.68,2026-04-18T01:05:01.0997463Z
1,716,1,1,1.0000,1.0000,1500.00,0.00,3053.32,-29152.30,2026-04-18T01:05:03.1081115Z
1,717,1,1,1.0000,1.0000,1500.00,0.00,3043.07,-29377.00,2026-04-18T01:05:05.1191958Z
1,718,1,1,1.0000,1.0000,1500.00,0.00,3074.69,-29559.04,2026-04-18T01:05:07.1290388Z
1,719,1,1,1.0000,1.0000,1500.00,0.00,3039.47,-30175.83,2026-04-18T01:05:09.1397085Z
1,720,1,1,1.0000,1.0000,1500.00,0.00,3008.10,-30608.53,2026-04-18T01:05:11.1483233Z
1,721,1,1,1.0000,1.0000,1500.00,0.00,3040.21,-31470.29,2026-04-18T01:05:13.1517901Z
1,722,1,1,1.0000,1.0000,1500.00,0.00,3065.05,-32246.02,2026-04-18T01:05:15.1665767Z
1,723,1,1,1.0000,1.0000,1500.00,0.00,3020.15,-32696.25,2026-04-18T01:05:17.1714715Z
1,724,1,1,1.0000,1.0000,1500.00,0.00,2995.14,-32922.76,2026-04-18T01:05:19.1781003Z
1,725,1,1,1.0000,1.0000,1500.00,0.00,2959.51,-33232.69,2026-04-18T01:05:21.1830526Z
1,726,1,1,1.0000,1.0000,1500.00,0.00,2914.59,-33953.83,2026-04-18T01:05:23.1881591Z
1,727,1,1,1.0000,1.0000,1500.00,0.00,2886.43,-34955.80,2026-04-18T01:05:25.1917796Z
1,728,1,1,1.0000,1.0000,1500.00,0.00,2843.30,-35826.07,2026-04-18T01:05:27.1968138Z
1,729,1,1,1.0000,1.0000,1500.00,0.00,2800.00,-36796.56,2026-04-18T01:05:29.2097606Z
1,730,1,1,1.0000,1.0000,1500.00,0.00,2800.00,-37069.08,2026-04-18T01:05:31.2098194Z
1,731,1,1,1.0000,1.0000,1500.00,0.00,2800.00,-38216.77,2026-04-18T01:05:33.2141987Z
1,732,1,1,1.0000,1.0000,1500.00,0.00,2841.35,-38950.21,2026-04-18T01:05:35.2182246Z
1,733,1,1,1.0000,1.0000,1500.00,0.00,2853.01,-39318.91,2026-04-18T01:05:37.2225923Z
1,734,1,1,1.0000,1.0000,1500.00,0.00,2846.71,-39967.05,2026-04-18T01:05:39.2264758Z
1,735,1,1,1.0000,1.0000,1500.00,0.00,2826.44,-40060.56,2026-04-18T01:05:41.2306286Z
1,736,1,1,1.0000,1.0000,1500.00,0.00,2800.00,-40269.03,2026-04-18T01:05:43.2348278Z
1,737,1,1,1.0000,1.0000,1500.00,0.00,2821.07,-40507.73,2026-04-18T01:05:45.2382727Z
1,738,1,1,1.0000,1.0000,1500.00,0.00,2804.39,-40815.22,2026-04-18T01:05:47.2393401Z
1,739,1,1,1.0000,1.0000,1500.00,0.00,2800.00,-40867.36,2026-04-18T01:05:49.2423044Z
1,740,1,1,1.0000,1.0000,1500.00,0.00,2826.62,-40859.97,2026-04-18T01:05:51.2456413Z
1,741,1,1,1.0000,1.0000,1500.00,0.00,2831.83,-40936.09,2026-04-18T01:05:53.2449169Z
1,742,1,1,1.0000,1.0000,1500.00,0.00,2816.37,-41195.54,2026-04-18T01:05:55.2548749Z
1,743,1,1,1.0000,1.0000,1500.00,0.00,2800.00,-41473.17,2026-04-18T01:05:57.2685002Z
1,744,1,1,1.0000,1.0000,1500.00,0.00,2800.00,-41603.18,2026-04-18T01:05:59.2748498Z
1,745,1,1,1.0000,1.0000,1500.00,0.00,2800.00,-41593.94,2026-04-18T01:06:01.2760884Z
1,746,1,1,1.0000,1.0000,1500.00,0.00,2832.58,-41926.72,2026-04-18T01:06:03.2918529Z
1,747,1,1,1.0000,1.0000,1500.00,0.00,2872.17,-41996.62,2026-04-18T01:06:05.3041558Z
1,748,1,1,1.0000,1.0000,1500.00,0.00,2850.12,-42062.98,2026-04-18T01:06:07.3120001Z
1,749,1,1,1.0000,1.0000,1500.00,0.00,2819.35,-42414.60,2026-04-18T01:06:09.3177736Z
1,750,1,1,1.0000,1.0000,1500.00,0.00,2800.00,-42634.72,2026-04-18T01:06:11.3202784Z
1,751,1,1,1.0000,1.0000,1500.00,0.00,2800.00,-42701.02,2026-04-18T01:06:13.3269937Z
1,752,1,1,1.0000,1.0000,1500.00,0.00,2806.00,-42694.72,2026-04-18T01:06:15.3289247Z
1,753,1,1,1.0000,1.0000,1500.00,0.00,2815.82,-42793.39,2026-04-18T01:06:17.3344031Z
1,754,1,1,1.0000,1.0000,1500.00,0.00,2800.64,-42931.51,2026-04-18T01:06:19.3372815Z
1,755,1,1,1.0000,1.0000,1500.00,0.00,2845.41,-43416.30,2026-04-18T01:06:21.3377009Z
1,756,1,1,1.0000,1.0000,1500.00,0.00,2800.00,-44292.82,2026-04-18T01:06:23.3515739Z
1,757,1,1,1.0000,1.0000,1500.00,0.00,2800.00,-44249.03,2026-04-18T01:06:25.3561262Z
1,758,1,1,1.0000,1.0000,1500.00,0.00,2841.07,-45099.50,2026-04-18T01:06:27.3664167Z
1,759,1,1,1.0000,1.0000,1500.00,0.00,2824.46,-45793.71,2026-04-18T01:06:29.3745988Z
1,760,1,1,1.0000,1.0000,1500.00,0.00,2856.69,-45956.90,2026-04-18T01:06:31.3823435Z
1,761,1,1,1.0000,1.0000,1500.00,0.00,2859.25,-45938.96,2026-04-18T01:06:33.3945116Z
1,762,1,1,1.0000,1.0000,1500.00,0.00,2875.69,-46050.55,2026-04-18T01:06:35.4039742Z
1,763,1,1,1.0000,1.0000,1500.00,0.00,2909.05,-46536.33,2026-04-18T01:06:37.4096447Z
1,764,1,1,1.0000,1.0000,1500.00,0.00,2939.57,-46920.36,2026-04-18T01:06:39.4218805Z
1,765,1,1,1.0000,1.0000,1500.00,0.00,2983.88,-47669.99,2026-04-18T01:06:41.4309856Z
1,766,1,1,1.0000,1.0000,1500.00,0.00,2949.49,-47737.96,2026-04-18T01:06:43.4359605Z
1,767,1,1,1.0000,1.0000,1500.00,0.00,2949.58,-48655.70,2026-04-18T01:06:45.4440646Z
1,768,1,1,1.0000,1.0000,1500.00,0.00,2934.37,-49406.35,2026-04-18T01:06:47.4508859Z
1,769,1,1,1.0000,1.0000,1500.00,0.00,2937.35,-49524.77,2026-04-18T01:06:49.4625525Z
1,770,1,1,1.0000,1.0000,1500.00,0.00,2980.83,-50172.37,2026-04-18T01:06:51.4720649Z
1,771,1,1,1.0000,1.0000,1500.00,0.00,2962.20,-50770.18,2026-04-18T01:06:53.4873318Z
1,772,1,1,1.0000,1.0000,1500.00,0.00,3000.40,-51084.21,2026-04-18T01:06:55.4882759Z
1,773,1,1,1.0000,1.0000,1500.00,0.00,3026.74,-51452.77,2026-04-18T01:06:57.5019093Z
1,774,1,1,1.0000,1.0000,1500.00,0.00,3062.40,-51864.77,2026-04-18T01:06:59.5135078Z
1,775,1,1,1.0000,1.0000,1500.00,0.00,3071.70,-52394.21,2026-04-18T01:07:01.5220724Z
1,776,1,1,1.0000,1.0000,1500.00,0.00,3029.56,-53823.77,2026-04-18T01:07:03.5353044Z
1,777,1,1,1.0000,1.0000,1500.00,0.00,3071.49,-54889.48,2026-04-18T01:07:05.5406624Z
1,778,1,1,1.0000,1.0000,1500.00,0.00,3051.33,-55593.20,2026-04-18T01:07:07.5524055Z
1,779,1,1,1.0000,1.0000,1500.00,0.00,3042.42,-55818.47,2026-04-18T01:07:09.5585982Z
1,780,1,1,1.0000,1.0000,1500.00,0.00,3022.04,-56026.26,2026-04-18T01:07:11.5667327Z
1,781,1,1,1.0000,1.0000,1500.00,0.00,3006.12,-55984.28,2026-04-18T01:07:13.5766588Z
1,782,1,1,1.0000,1.0000,1500.00,0.00,3008.31,-55956.29,2026-04-18T01:07:15.5815907Z
1,783,1,1,1.0000,1.0000,1500.00,0.00,3018.82,-56095.50,2026-04-18T01:07:17.5900516Z
1,784,1,1,1.0000,1.0000,1500.00,0.00,3035.34,-56309.87,2026-04-18T01:07:19.5951715Z
1,785,1,1,1.0000,1.0000,1500.00,0.00,3014.43,-56781.79,2026-04-18T01:07:21.6058824Z
1,786,1,1,1.0000,1.0000,1500.00,0.00,3022.36,-56901.70,2026-04-18T01:07:23.6189919Z
1,787,1,1,1.0000,1.0000,1500.00,0.00,3036.76,-56984.04,2026-04-18T01:07:25.6284444Z
1,788,1,1,1.0000,1.0000,1500.00,0.00,3052.34,-57199.88,2026-04-18T01:07:27.6292943Z
1,789,1,1,1.0000,1.0000,1500.00,0.00,3088.40,-57541.79,2026-04-18T01:07:29.6350402Z
1,790,1,1,1.0000,1.0000,1500.00,0.00,3081.25,-58268.03,2026-04-18T01:07:31.6375916Z
1,791,1,1,1.0000,1.0000,1500.00,0.00,3085.00,-58863.21,2026-04-18T01:07:33.6484789Z
1,792,1,1,1.0000,1.0000,1500.00,0.00,3132.48,-59245.85,2026-04-18T01:07:35.6603350Z
1,793,1,1,1.0000,1.0000,1500.00,0.00,3136.52,-59539.80,2026-04-18T01:07:37.6639818Z
1,794,1,1,1.0000,1.0000,1500.00,0.00,3145.45,-59878.29,2026-04-18T01:07:39.6649651Z
1,795,1,1,1.0000,1.0000,1500.00,0.00,3145.63,-60559.18,2026-04-18T01:07:41.6769231Z
1,796,1,1,1.0000,1.0000,1500.00,0.00,3137.64,-61203.86,2026-04-18T01:07:43.6875505Z
1,797,1,1,1.0000,1.0000,1500.00,0.00,3087.82,-61826.87,2026-04-18T01:07:45.6928561Z
1,798,1,1,1.0000,1.0000,1500.00,0.00,3086.25,-61913.56,2026-04-18T01:07:47.6945513Z
1,799,1,1,1.0000,1.0000,1500.00,0.00,3055.09,-62174.22,2026-04-18T01:07:49.6947694Z
1,800,1,1,1.0000,1.0000,1500.00,0.00,3099.05,-62569.38,2026-04-18T01:07:51.7109389Z
1,801,1,1,1.0000,1.0000,1500.00,0.00,3137.34,-63003.65,2026-04-18T01:07:53.7240916Z
1,802,1,1,1.0000,1.0000,1500.00,0.00,3137.85,-63063.19,2026-04-18T01:07:55.7288453Z
1,803,1,1,1.0000,1.0000,1500.00,0.00,3178.32,-63447.89,2026-04-18T01:07:57.7390337Z
1,804,1,1,1.0000,1.0000,1500.00,0.00,3143.72,-64834.38,2026-04-18T01:07:59.7418333Z
1,805,1,1,1.0000,1.0000,1500.00,0.00,3104.66,-65094.38,2026-04-18T01:08:01.7523233Z
1,806,1,1,1.0000,1.0000,1500.00,0.00,3078.21,-65358.99,2026-04-18T01:08:03.7651800Z
1,807,1,1,1.0000,1.0000,1500.00,0.00,3068.10,-66116.56,2026-04-18T01:08:05.7775031Z
1,808,1,1,1.0000,1.0000,1500.00,0.00,3046.95,-66450.93,2026-04-18T01:08:07.7884255Z
1,809,1,1,1.0000,1.0000,1500.00,0.00,3062.05,-66416.42,2026-04-18T01:08:09.8027238Z
1,810,1,1,1.0000,1.0000,1500.00,0.00,3064.43,-66540.45,2026-04-18T01:08:11.8092992Z
1,811,1,1,1.0000,1.0000,1500.00,0.00,3103.41,-66803.66,2026-04-18T01:08:13.8114836Z
1,812,1,1,1.0000,1.0000,1500.00,0.00,3132.93,-67086.44,2026-04-18T01:08:15.8142714Z
1,813,1,1,1.0000,1.0000,1500.00,0.00,3149.20,-67713.32,2026-04-18T01:08:17.8276651Z
1,814,1,1,1.0000,1.0000,1500.00,0.00,3183.99,-68245.28,2026-04-18T01:08:19.8396630Z
1,815,1,1,1.0000,1.0000,1500.00,0.00,3214.62,-68773.15,2026-04-18T01:08:21.8432586Z
1,816,1,1,1.0000,1.0000,1500.00,0.00,3184.19,-70049.59,2026-04-18T01:08:23.8540505Z
1,817,1,1,1.0000,1.0000,1500.00,0.00,3191.72,-70329.73,2026-04-18T01:08:25.8679012Z
1,818,1,1,1.0000,1.0000,1500.00,0.00,3226.40,-70507.99,2026-04-18T01:08:27.8827817Z
1,819,1,1,1.0000,1.0000,1500.00,0.00,3186.79,-71334.99,2026-04-18T01:08:29.8839322Z
1,820,1,1,1.0000,1.0000,1500.00,0.00,3188.02,-71765.76,2026-04-18T01:08:31.8944350Z
1,821,1,1,1.0000,1.0000,1500.00,0.00,3203.69,-72069.09,2026-04-18T01:08:33.9061294Z
1,822,1,1,1.0000,1.0000,1500.00,0.00,3228.36,-72257.27,2026-04-18T01:08:35.9105814Z
1,823,1,1,1.0000,1.0000,1500.00,0.00,3216.59,-72383.69,2026-04-18T01:08:37.9160727Z
1,824,1,1,1.0000,1.0000,1500.00,0.00,3194.19,-72362.76,2026-04-18T01:08:39.9209688Z
1,825,1,1,1.0000,1.0000,1500.00,0.00,3197.35,-72522.65,2026-04-18T01:08:41.9341472Z
1,826,1,1,1.0000,1.0000,1500.00,0.00,3240.04,-73267.95,2026-04-18T01:08:43.9437605Z
1,827,1,1,1.0000,1.0000,1500.00,0.00,3213.95,-73551.81,2026-04-18T01:08:45.9557705Z
1,828,1,1,1.0000,1.0000,1500.00,0.00,3169.43,-74013.20,2026-04-18T01:08:47.9693631Z
1,829,1,1,1.0000,1.0000,1500.00,0.00,3197.77,-74272.19,2026-04-18T01:08:49.9732247Z
1,830,1,1,1.0000,1.0000,1500.00,0.00,3161.90,-74491.80,2026-04-18T01:08:51.9775967Z
1,831,1,1,1.0000,1.0000,1500.00,0.00,3188.43,-75475.76,2026-04-18T01:08:53.9917260Z
1,832,1,1,1.0000,1.0000,1500.00,0.00,3175.14,-76080.43,2026-04-18T01:08:55.9983057Z
1,833,1,1,1.0000,1.0000,1500.00,0.00,3174.55,-76398.39,2026-04-18T01:08:58.0079498Z
1,834,1,1,1.0000,1.0000,1500.00,0.00,3193.05,-76892.98,2026-04-18T01:09:00.0226806Z
1,835,1,1,1.0000,1.0000,1500.00,0.00,3178.38,-76999.07,2026-04-18T01:09:02.0287473Z
1,836,1,1,1.0000,1.0000,1500.00,0.00,3156.87,-76970.74,2026-04-18T01:09:04.0408947Z
1,837,1,1,1.0000,1.0000,1500.00,0.00,3117.88,-77472.43,2026-04-18T01:09:06.0536198Z
1,838,1,1,1.0000,1.0000,1500.00,0.00,3142.32,-77445.70,2026-04-18T01:09:08.0626339Z
1,839,1,1,1.0000,1.0000,1500.00,0.00,3135.33,-77647.35,2026-04-18T01:09:10.0624671Z
1,840,1,1,1.0000,1.0000,1500.00,0.00,3105.74,-77887.74,2026-04-18T01:09:12.0749164Z
1,841,1,1,1.0000,1.0000,1500.00,0.00,3085.21,-78006.31,2026-04-18T01:09:14.0771579Z
1,842,1,1,1.0000,1.0000,1500.00,0.00,3082.91,-78087.97,2026-04-18T01:09:16.0851981Z
1,843,1,1,1.0000,1.0000,1500.00,0.00,3059.18,-78205.08,2026-04-18T01:09:18.0905893Z
1,844,1,1,1.0000,1.0000,1500.00,0.00,3075.31,-79004.56,2026-04-18T01:09:20.1047991Z
1,845,1,1,1.0000,1.0000,1500.00,0.00,3029.74,-79082.82,2026-04-18T01:09:22.1169098Z
1,846,1,1,1.0000,1.0000,1500.00,0.00,3001.13,-79309.29,2026-04-18T01:09:24.1293899Z
1,847,1,1,1.0000,1.0000,1500.00,0.00,2954.65,-80167.33,2026-04-18T01:09:26.1305155Z
1,848,1,1,1.0000,1.0000,1500.00,0.00,2908.90,-80784.30,2026-04-18T01:09:28.1387558Z
1,849,1,1,1.0000,1.0000,1500.00,0.00,2945.54,-81009.86,2026-04-18T01:09:30.1449526Z
1,850,1,1,1.0000,1.0000,1500.00,0.00,2985.83,-82478.41,2026-04-18T01:09:32.1571740Z
1,851,1,1,1.0000,1.0000,1500.00,0.00,3034.79,-82795.39,2026-04-18T01:09:34.1667054Z
1,852,1,1,1.0000,1.0000,1500.00,0.00,2992.64,-84273.61,2026-04-18T01:09:36.1816360Z
1,853,1,1,1.0000,1.0000,1500.00,0.00,3007.53,-85198.82,2026-04-18T01:09:38.1840420Z
1,854,1,1,1.0000,1.0000,1500.00,0.00,3008.44,-85346.07,2026-04-18T01:09:40.1853667Z
1,855,1,1,1.0000,1.0000,1500.00,0.00,2994.07,-85517.71,2026-04-18T01:09:42.1955909Z
1,856,1,1,1.0000,1.0000,1500.00,0.00,3038.78,-86343.43,2026-04-18T01:09:44.2090168Z
1,857,1,1,1.0000,1.0000,1500.00,0.00,3079.19,-86645.05,2026-04-18T01:09:46.2109092Z
1,858,1,1,1.0000,1.0000,1500.00,0.00,3052.34,-86776.07,2026-04-18T01:09:48.2161947Z
1,859,1,1,1.0000,1.0000,1500.00,0.00,3007.07,-87990.96,2026-04-18T01:09:50.2230202Z
1,860,1,1,1.0000,1.0000,1500.00,0.00,3017.44,-88044.59,2026-04-18T01:09:52.2244941Z
1,861,1,1,1.0000,1.0000,1500.00,0.00,2986.68,-88377.07,2026-04-18T01:09:54.2391102Z
1,862,1,1,1.0000,1.0000,1500.00,0.00,3009.23,-88588.98,2026-04-18T01:09:56.2540938Z
1,863,1,1,1.0000,1.0000,1500.00,0.00,3056.85,-89601.07,2026-04-18T01:09:58.2609261Z
1,864,1,1,1.0000,1.0000,1500.00,0.00,3042.95,-89597.45,2026-04-18T01:10:00.2689681Z
1,865,1,1,1.0000,1.0000,1500.00,0.00,3063.94,-89913.13,2026-04-18T01:10:02.2779878Z
1,866,1,1,1.0000,1.0000,1500.00,0.00,3082.99,-90267.25,2026-04-18T01:10:04.2845882Z
1,867,1,1,1.0000,1.0000,1500.00,0.00,3037.55,-90513.16,2026-04-18T01:10:06.2867099Z
1,868,1,1,1.0000,1.0000,1500.00,0.00,3036.40,-90576.01,2026-04-18T01:10:08.2948529Z
1,869,1,1,1.0000,1.0000,1500.00,0.00,3053.89,-90688.09,2026-04-18T01:10:10.3096019Z
1,870,1,1,1.0000,1.0000,1500.00,0.00,3011.81,-90673.71,2026-04-18T01:10:12.3216081Z
1,871,1,1,1.0000,1.0000,1500.00,0.00,3030.90,-91451.14,2026-04-18T01:10:14.3228852Z
1,872,1,1,1.0000,1.0000,1500.00,0.00,3021.31,-91693.61,2026-04-18T01:10:16.3332329Z
1,873,1,1,1.0000,1.0000,1500.00,0.00,3058.34,-92031.93,2026-04-18T01:10:18.3468378Z
1,874,1,1,1.0000,1.0000,1500.00,0.00,3081.38,-92333.83,2026-04-18T01:10:20.3605585Z
1,875,1,1,1.0000,1.0000,1500.00,0.00,3127.40,-92923.70,2026-04-18T01:10:22.3740946Z
1,876,1,1,1.0000,1.0000,1500.00,0.00,3123.18,-93919.29,2026-04-18T01:10:24.3802359Z
1,877,1,1,1.0000,1.0000,1500.00,0.00,3124.46,-94154.51,2026-04-18T01:10:26.3887881Z
1,878,1,1,1.0000,1.0000,1500.00,0.00,3094.21,-94580.88,2026-04-18T01:10:28.3928660Z
1,879,1,1,1.0000,1.0000,1500.00,0.00,3107.43,-94835.52,2026-04-18T01:10:30.4059141Z
1,880,1,1,1.0000,1.0000,1500.00,0.00,3119.90,-95276.27,2026-04-18T01:10:32.4130421Z
1,881,1,1,1.0000,1.0000,1500.00,0.00,3113.55,-95443.30,2026-04-18T01:10:34.4204295Z
1,882,1,1,1.0000,1.0000,1500.00,0.00,3139.63,-95625.73,2026-04-18T01:10:36.4313630Z
1,883,1,1,1.0000,1.0000,1500.00,0.00,3132.48,-96071.78,2026-04-18T01:10:38.4431270Z
1,884,1,1,1.0000,1.0000,1500.00,0.00,3162.67,-96067.15,2026-04-18T01:10:40.4537240Z
1,885,1,1,1.0000,1.0000,1500.00,0.00,3178.97,-96459.64,2026-04-18T01:10:42.4532067Z
1,886,1,1,1.0000,1.0000,1500.00,0.00,3171.49,-97108.88,2026-04-18T01:10:44.4539608Z
1,887,1,1,1.0000,1.0000,1500.00,0.00,3213.30,-97444.76,2026-04-18T01:10:46.4589111Z
1,888,1,1,1.0000,1.0000,1500.00,0.00,3168.58,-98010.50,2026-04-18T01:10:48.4594160Z
1,889,1,1,1.0000,1.0000,1500.00,0.00,3172.71,-98068.71,2026-04-18T01:10:50.4701636Z
1,890,1,1,1.0000,1.0000,1500.00,0.00,3133.74,-98540.97,2026-04-18T01:10:52.4730999Z
1,891,1,1,1.0000,1.0000,1500.00,0.00,3125.37,-98594.80,2026-04-18T01:10:54.4785365Z
1,892,1,1,1.0000,1.0000,1500.00,0.00,3076.44,-98890.30,2026-04-18T01:10:56.4785355Z
1,893,1,1,1.0000,1.0000,1500.00,0.00,3126.07,-99449.19,2026-04-18T01:10:58.4792617Z
1,894,1,1,1.0000,1.0000,1500.00,0.00,3168.67,-99966.84,2026-04-18T01:11:00.4869970Z
1,895,1,1,1.0000,1.0000,1500.00,0.00,3140.43,-100985.55,2026-04-18T01:11:02.5016922Z
1,896,1,1,1.0000,1.0000,1500.00,0.00,3132.31,-101814.73,2026-04-18T01:11:04.5069194Z
1,897,1,1,1.0000,1.0000,1500.00,0.00,3180.36,-102271.80,2026-04-18T01:11:06.5120570Z
1,898,1,1,1.0000,1.0000,1500.00,0.00,3217.64,-102642.40,2026-04-18T01:11:08.5207425Z
1,899,1,1,1.0000,1.0000,1500.00,0.00,3224.48,-102916.46,2026-04-18T01:11:10.5272043Z
1,900,1,1,1.0000,1.0000,1500.00,0.00,3251.14,-103600.58,2026-04-18T01:11:12.5345021Z
1,901,1,1,1.0000,1.0000,1500.00,0.00,3294.39,-104302.00,2026-04-18T01:11:14.5408145Z
1,902,1,1,1.0000,1.0000,1500.00,0.00,3255.47,-104284.33,2026-04-18T01:11:16.5515802Z
1,903,1,1,1.0000,1.0000,1500.00,0.00,3208.99,-104925.62,2026-04-18T01:11:18.5645740Z
1,904,1,1,1.0000,1.0000,1500.00,0.00,3225.97,-104889.01,2026-04-18T01:11:20.5760235Z
1,905,1,1,1.0000,1.0000,1500.00,0.00,3237.73,-104888.93,2026-04-18T01:11:22.5856523Z
1,906,1,1,1.0000,1.0000,1500.00,0.00,3222.88,-105470.12,2026-04-18T01:11:24.5988378Z
1,907,1,1,1.0000,1.0000,1500.00,0.00,3239.41,-105737.56,2026-04-18T01:11:26.6147677Z
1,908,1,1,1.0000,1.0000,1500.00,0.00,3202.88,-106094.73,2026-04-18T01:11:28.6161038Z
1,909,1,1,1.0000,1.0000,1500.00,0.00,3161.80,-106472.46,2026-04-18T01:11:30.6269720Z
1,910,1,1,1.0000,1.0000,1500.00,0.00,3208.74,-107031.04,2026-04-18T01:11:32.6398601Z
1,911,1,1,1.0000,1.0000,1500.00,0.00,3203.30,-107734.04,2026-04-18T01:11:34.6519540Z
1,912,1,1,1.0000,1.0000,1500.00,0.00,3184.35,-107870.20,2026-04-18T01:11:36.6575938Z
1,913,1,1,1.0000,1.0000,1500.00,0.00,3172.91,-107939.44,2026-04-18T01:11:38.6719779Z
1,914,1,1,1.0000,1.0000,1500.00,0.00,3182.26,-108098.53,2026-04-18T01:11:40.6723254Z
1,915,1,1,1.0000,1.0000,1500.00,0.00,3170.69,-108289.56,2026-04-18T01:11:42.6825234Z
1,916,1,1,1.0000,1.0000,1500.00,0.00,3127.64,-108834.65,2026-04-18T01:11:44.6961112Z
1,917,1,1,1.0000,1.0000,1500.00,0.00,3086.06,-108934.84,2026-04-18T01:11:46.6960885Z
1,918,1,1,1.0000,1.0000,1500.00,0.00,3135.65,-110336.29,2026-04-18T01:11:48.6969522Z
1,919,1,1,1.0000,1.0000,1500.00,0.00,3106.22,-110539.44,2026-04-18T01:11:50.7093324Z
1,920,1,1,1.0000,1.0000,1500.00,0.00,3070.99,-111154.85,2026-04-18T01:11:52.7186950Z
1,921,1,1,1.0000,1.0000,1500.00,0.00,3066.95,-111537.03,2026-04-18T01:11:54.7316025Z
1,922,1,1,1.0000,1.0000,1500.00,0.00,3069.73,-112197.76,2026-04-18T01:11:56.7435553Z
1,923,1,1,1.0000,1.0000,1500.00,0.00,3117.46,-112811.36,2026-04-18T01:11:58.7567351Z
1,924,1,1,1.0000,1.0000,1500.00,0.00,3135.89,-113157.53,2026-04-18T01:12:00.7650026Z
1,925,1,1,1.0000,1.0000,1500.00,0.00,3162.60,-113366.77,2026-04-18T01:12:02.7787921Z
1,926,1,1,1.0000,1.0000,1500.00,0.00,3154.33,-113477.28,2026-04-18T01:12:04.7887651Z
1,927,1,1,1.0000,1.0000,1500.00,0.00,3172.49,-113677.90,2026-04-18T01:12:06.7920299Z
1,928,1,1,1.0000,1.0000,1500.00,0.00,3201.73,-113876.77,2026-04-18T01:12:08.8031148Z
1,929,1,1,1.0000,1.0000,1500.00,0.00,3166.59,-114367.81,2026-04-18T01:12:10.8162929Z
1,930,1,1,1.0000,1.0000,1500.00,0.00,3177.45,-114541.69,2026-04-18T01:12:12.8221342Z
1,931,1,1,1.0000,1.0000,1500.00,0.00,3206.85,-114638.78,2026-04-18T01:12:14.8372099Z
1,932,1,1,1.0000,1.0000,1500.00,0.00,3230.19,-115062.40,2026-04-18T01:12:16.8493175Z
1,933,1,1,1.0000,1.0000,1500.00,0.00,3264.80,-115278.33,2026-04-18T01:12:18.8553862Z
1,934,1,1,1.0000,1.0000,1500.00,0.00,3269.06,-115349.41,2026-04-18T01:12:20.8641019Z
1,935,1,1,1.0000,1.0000,1500.00,0.00,3260.11,-116307.36,2026-04-18T01:12:22.8785005Z
1,936,1,1,1.0000,1.0000,1500.00,0.00,3277.18,-116267.78,2026-04-18T01:12:24.8804621Z
1,937,1,1,1.0000,1.0000,1500.00,0.00,3256.29,-116390.57,2026-04-18T01:12:26.8878143Z
1,938,1,1,1.0000,1.0000,1500.00,0.00,3229.76,-116368.76,2026-04-18T01:12:28.8958795Z
1,939,1,1,1.0000,1.0000,1500.00,0.00,3189.65,-116864.77,2026-04-18T01:12:30.9074215Z
1,940,1,1,1.0000,1.0000,1500.00,0.00,3198.37,-116925.98,2026-04-18T01:12:32.9093407Z
1,941,1,1,1.0000,1.0000,1500.00,0.00,3214.14,-117107.67,2026-04-18T01:12:34.9173483Z
1,942,1,1,1.0000,1.0000,1500.00,0.00,3255.32,-117587.25,2026-04-18T01:12:36.9278345Z
1,943,1,1,1.0000,1.0000,1500.00,0.00,3219.00,-117885.75,2026-04-18T01:12:38.9417270Z
1,944,1,1,1.0000,1.0000,1500.00,0.00,3208.64,-118555.17,2026-04-18T01:12:40.9566107Z
1,945,1,1,1.0000,1.0000,1500.00,0.00,3247.93,-119432.27,2026-04-18T01:12:42.9589492Z
1,946,1,1,1.0000,1.0000,1500.00,0.00,3250.44,-119483.91,2026-04-18T01:12:44.9717374Z
1,947,1,1,1.0000,1.0000,1500.00,0.00,3206.44,-119846.99,2026-04-18T01:12:46.9757645Z
1,948,1,1,1.0000,1.0000,1500.00,0.00,3231.34,-120071.10,2026-04-18T01:12:48.9871482Z
1,949,1,1,1.0000,1.0000,1500.00,0.00,3227.94,-120572.40,2026-04-18T01:12:51.0020654Z
1,950,1,1,1.0000,1.0000,1500.00,0.00,3224.58,-120622.71,2026-04-18T01:12:53.0104323Z
1,951,1,1,1.0000,1.0000,1500.00,0.00,3262.84,-120978.85,2026-04-18T01:12:55.0179188Z
1,952,1,1,1.0000,1.0000,1500.00,0.00,3265.61,-120957.78,2026-04-18T01:12:57.0271493Z
1,953,1,1,1.0000,1.0000,1500.00,0.00,3282.77,-121090.62,2026-04-18T01:12:59.0382628Z
1,954,1,1,1.0000,1.0000,1500.00,0.00,3234.71,-121439.52,2026-04-18T01:13:01.0515980Z
1,955,1,1,1.0000,1.0000,1500.00,0.00,3280.05,-121885.60,2026-04-18T01:13:03.0644587Z
1,956,1,1,1.0000,1.0000,1500.00,0.00,3231.23,-122248.10,2026-04-18T01:13:05.0783073Z
1,957,1,1,1.0000,1.0000,1500.00,0.00,3228.16,-122766.59,2026-04-18T01:13:07.0925678Z
1,958,1,1,1.0000,1.0000,1500.00,0.00,3233.69,-122723.68,2026-04-18T01:13:09.0946270Z
1,959,1,1,1.0000,1.0000,1500.00,0.00,3265.40,-123525.12,2026-04-18T01:13:11.0976360Z
1,960,1,1,1.0000,1.0000,1500.00,0.00,3289.09,-123842.93,2026-04-18T01:13:13.0977313Z
1,961,1,1,1.0000,1.0000,1500.00,0.00,3278.51,-123810.35,2026-04-18T01:13:15.0978002Z
1,962,1,1,1.0000,1.0000,1500.00,0.00,3327.47,-123924.77,2026-04-18T01:13:17.1119743Z
1,963,1,1,1.0000,1.0000,1500.00,0.00,3308.45,-124880.58,2026-04-18T01:13:19.1259704Z
1,964,1,1,1.0000,1.0000,1500.00,0.00,3301.52,-125498.83,2026-04-18T01:13:21.1267993Z
1,965,1,1,1.0000,1.0000,1500.00,0.00,3259.45,-126338.47,2026-04-18T01:13:23.1327031Z
1,966,1,1,1.0000,1.0000,1500.00,0.00,3230.40,-126629.07,2026-04-18T01:13:25.1369442Z
1,967,1,1,1.0000,1.0000,1500.00,0.00,3202.54,-126991.92,2026-04-18T01:13:27.1441941Z
1,968,1,1,1.0000,1.0000,1500.00,0.00,3219.99,-128181.82,2026-04-18T01:13:29.1495682Z
1,969,1,1,1.0000,1.0000,1500.00,0.00,3255.37,-128624.48,2026-04-18T01:13:31.1618014Z
1,970,1,1,1.0000,1.0000,1500.00,0.00,3294.04,-129000.01,2026-04-18T01:13:33.1680966Z
1,971,1,1,1.0000,1.0000,1500.00,0.00,3261.54,-129256.33,2026-04-18T01:13:35.1709437Z
1,972,1,1,1.0000,1.0000,1500.00,0.00,3218.90,-129685.61,2026-04-18T01:13:37.1755407Z
1,973,1,1,1.0000,1.0000,1500.00,0.00,3244.51,-129817.92,2026-04-18T01:13:39.1862954Z
1,974,1,1,1.0000,1.0000,1500.00,0.00,3256.34,-129895.00,2026-04-18T01:13:41.2006009Z
1,975,1,1,1.0000,1.0000,1500.00,0.00,3226.88,-130198.57,2026-04-18T01:13:43.2024841Z
1,976,1,1,1.0000,1.0000,1500.00,0.00,3260.18,-130943.17,2026-04-18T01:13:45.2132715Z
1,977,1,1,1.0000,1.0000,1500.00,0.00,3233.58,-131203.00,2026-04-18T01:13:47.2139042Z
1,978,1,1,1.0000,1.0000,1500.00,0.00,3255.76,-131350.36,2026-04-18T01:13:49.2254166Z
1,979,1,1,1.0000,1.0000,1500.00,0.00,3228.10,-131603.28,2026-04-18T01:13:51.2256683Z
1,980,1,1,1.0000,1.0000,1500.00,0.00,3205.70,-131915.87,2026-04-18T01:13:53.2341324Z
1,981,1,1,1.0000,1.0000,1500.00,0.00,3220.43,-132558.05,2026-04-18T01:13:55.2429459Z
1,982,1,1,1.0000,1.0000,1500.00,0.00,3269.50,-132958.37,2026-04-18T01:13:57.2512690Z
1,983,1,1,1.0000,1.0000,1500.00,0.00,3270.05,-133537.63,2026-04-18T01:13:59.2579741Z
1,984,1,1,1.0000,1.0000,1500.00,0.00,3232.94,-133915.50,2026-04-18T01:14:01.2728672Z
1,985,1,1,1.0000,1.0000,1500.00,0.00,3204.08,-134232.21,2026-04-18T01:14:03.2800890Z
1,986,1,1,1.0000,1.0000,1500.00,0.00,3164.90,-134730.40,2026-04-18T01:14:05.2960794Z
1,987,1,1,1.0000,1.0000,1500.00,0.00,3145.37,-135139.80,2026-04-18T01:14:07.3063539Z
1,988,1,1,1.0000,1.0000,1500.00,0.00,3101.97,-135833.02,2026-04-18T01:14:09.3114539Z
1,989,1,1,1.0000,1.0000,1500.00,0.00,3056.95,-136522.09,2026-04-18T01:14:11.3243183Z
1,990,1,1,1.0000,1.0000,1500.00,0.00,3090.29,-137045.36,2026-04-18T01:14:13.3343107Z
1,991,1,1,1.0000,1.0000,1500.00,0.00,3102.73,-137272.29,2026-04-18T01:14:15.3393297Z
1,992,1,1,1.0000,1.0000,1500.00,0.00,3062.66,-137963.17,2026-04-18T01:14:17.3536960Z
1,993,1,1,1.0000,1.0000,1500.00,0.00,3033.33,-138643.43,2026-04-18T01:14:19.3633983Z
1,994,1,1,1.0000,1.0000,1500.00,0.00,3044.17,-138978.30,2026-04-18T01:14:21.3743894Z
1,995,1,1,1.0000,1.0000,1500.00,0.00,3031.02,-139507.49,2026-04-18T01:14:23.3848981Z
1,996,1,1,1.0000,1.0000,1500.00,0.00,2997.76,-140229.09,2026-04-18T01:14:25.3982513Z
1,997,1,1,1.0000,1.0000,1500.00,0.00,3005.46,-140836.10,2026-04-18T01:14:27.4044876Z
1,998,1,1,1.0000,1.0000,1500.00,0.00,2959.70,-141685.79,2026-04-18T01:14:29.4097756Z
1,999,1,1,1.0000,1.0000,1500.00,0.00,2915.62,-141976.57,2026-04-18T01:14:31.4120176Z
1,1000,1,1,1.0000,1.0000,1500.00,0.00,2962.76,-143454.53,2026-04-18T01:14:33.4122978Z
1,1001,1,1,1.0000,1.0000,1500.00,0.00,2937.19,-144102.70,2026-04-18T01:14:35.4130482Z
1,1002,1,1,1.0000,1.0000,1500.00,0.00,2984.23,-145322.26,2026-04-18T01:14:37.4270626Z
1,1003,1,1,1.0000,1.0000,1500.00,0.00,2956.83,-145485.70,2026-04-18T01:14:39.4409562Z
1,1004,1,1,1.0000,1.0000,1500.00,0.00,2955.88,-146078.13,2026-04-18T01:14:41.4425754Z
1,1005,1,1,1.0000,1.0000,1500.00,0.00,2906.71,-146503.81,2026-04-18T01:14:43.4425022Z
1,1006,1,1,1.0000,1.0000,1500.00,0.00,2892.89,-146984.21,2026-04-18T01:14:45.4546885Z
1,1007,1,1,1.0000,1.0000,1500.00,0.00,2916.75,-147292.72,2026-04-18T01:14:47.4674058Z
1,1008,1,1,1.0000,1.0000,1500.00,0.00,2867.49,-147451.76,2026-04-18T01:14:49.4825851Z
1,1009,1,1,1.0000,1.0000,1500.00,0.00,2916.32,-148013.41,2026-04-18T01:14:51.4860718Z
1,1010,1,1,1.0000,1.0000,1500.00,0.00,2872.38,-148362.86,2026-04-18T01:14:53.4884148Z
1,1011,1,1,1.0000,1.0000,1500.00,0.00,2839.69,-148590.57,2026-04-18T01:14:55.4976115Z
1,1012,1,1,1.0000,1.0000,1500.00,0.00,2804.95,-148991.27,2026-04-18T01:14:57.5115310Z
1,1013,1,1,1.0000,1.0000,1500.00,0.00,2828.01,-149363.14,2026-04-18T01:14:59.5115409Z
1,1014,1,1,1.0000,1.0000,1500.00,0.00,2858.79,-149805.09,2026-04-18T01:15:01.5253919Z
1,1015,1,1,1.0000,1.0000,1500.00,0.00,2836.87,-150612.82,2026-04-18T01:15:03.5263897Z
1,1016,1,1,1.0000,1.0000,1500.00,0.00,2828.68,-150605.38,2026-04-18T01:15:05.5379804Z
1,1017,1,1,1.0000,1.0000,1500.00,0.00,2862.44,-151375.79,2026-04-18T01:15:07.5378758Z
1,1018,1,1,1.0000,1.0000,1500.00,0.00,2883.12,-151484.28,2026-04-18T01:15:09.5528896Z
1,1019,1,1,1.0000,1.0000,1500.00,0.00,2846.92,-152330.62,2026-04-18T01:15:11.5669956Z
1,1020,1,1,1.0000,1.0000,1500.00,0.00,2887.67,-152615.05,2026-04-18T01:15:13.5669721Z
1,1021,1,1,1.0000,1.0000,1500.00,0.00,2841.70,-153627.31,2026-04-18T01:15:15.5809005Z
1,1022,1,1,1.0000,1.0000,1500.00,0.00,2865.61,-153814.19,2026-04-18T01:15:17.5925590Z
1,1023,1,1,1.0000,1.0000,1500.00,0.00,2828.59,-154217.61,2026-04-18T01:15:19.6019969Z
1,1024,1,1,1.0000,1.0000,1500.00,0.00,2801.91,-154465.05,2026-04-18T01:15:21.6164381Z
1,1025,1,1,1.0000,1.0000,1500.00,0.00,2800.00,-154656.54,2026-04-18T01:15:23.6202718Z
1,1026,1,1,1.0000,1.0000,1500.00,0.00,2821.84,-154712.83,2026-04-18T01:15:25.6260834Z
1,1027,1,1,1.0000,1.0000,1500.00,0.00,2820.93,-154807.87,2026-04-18T01:15:27.6303184Z
1,1028,1,1,1.0000,1.0000,1500.00,0.00,2800.00,-155304.91,2026-04-18T01:15:29.6308998Z
1,1029,1,1,1.0000,1.0000,1500.00,0.00,2822.80,-155787.73,2026-04-18T01:15:31.6448187Z
1,1030,1,1,1.0000,1.0000,1500.00,0.00,2800.00,-156060.26,2026-04-18T01:15:33.6479174Z
1,1031,1,1,1.0000,1.0000,1500.00,0.00,2800.00,-156162.34,2026-04-18T01:15:35.6496524Z
1,1032,1,1,1.0000,1.0000,1500.00,0.00,2800.00,-156258.46,2026-04-18T01:15:37.6515767Z
1,1033,1,1,1.0000,1.0000,1500.00,0.00,2800.00,-156240.96,2026-04-18T01:15:39.6617732Z
1,1034,1,1,1.0000,1.0000,1500.00,0.00,2825.79,-156407.68,2026-04-18T01:15:41.6753002Z
1,1035,1,1,1.0000,1.0000,1500.00,0.00,2800.00,-156923.48,2026-04-18T01:15:43.6764160Z
1,1036,1,1,1.0000,1.0000,1500.00,0.00,2800.00,-156909.49,2026-04-18T01:15:45.6847541Z
1,1037,1,1,1.0000,1.0000,1500.00,0.00,2810.24,-157269.79,2026-04-18T01:15:47.6933766Z
1,1038,1,1,1.0000,1.0000,1500.00,0.00,2800.00,-157410.04,2026-04-18T01:15:49.6946091Z
1,1039,1,1,1.0000,1.0000,1500.00,0.00,2819.49,-157611.46,2026-04-18T01:15:51.7087702Z
1,1040,1,1,1.0000,1.0000,1500.00,0.00,2800.00,-157799.88,2026-04-18T01:15:53.7235357Z
1,1041,1,1,1.0000,1.0000,1500.00,0.00,2830.29,-158298.98,2026-04-18T01:15:55.7278471Z
1,1042,1,1,1.0000,1.0000,1500.00,0.00,2800.00,-158893.79,2026-04-18T01:15:57.7357365Z
1,1043,1,1,1.0000,1.0000,1500.00,0.00,2806.05,-159270.86,2026-04-18T01:15:59.7496802Z
1,1044,1,1,1.0000,1.0000,1500.00,0.00,2850.17,-159706.31,2026-04-18T01:16:01.7549125Z
1,1045,1,1,1.0000,1.0000,1500.00,0.00,2890.21,-160226.08,2026-04-18T01:16:03.7697120Z
1,1046,1,1,1.0000,1.0000,1500.00,0.00,2908.76,-160345.31,2026-04-18T01:16:05.7760210Z
1,1047,1,1,1.0000,1.0000,1500.00,0.00,2939.51,-160552.24,2026-04-18T01:16:07.7823057Z
1,1048,1,1,1.0000,1.0000,1500.00,0.00,2947.84,-160978.57,2026-04-18T01:16:09.7973764Z
1,1049,1,1,1.0000,1.0000,1500.00,0.00,2955.16,-161788.48,2026-04-18T01:16:11.7994047Z
1,1050,1,1,1.0000,1.0000,1500.00,0.00,2915.15,-162386.46,2026-04-18T01:16:13.8119330Z
1,1051,1,1,1.0000,1.0000,1500.00,0.00,2937.40,-162819.61,2026-04-18T01:16:15.8233809Z
1,1052,1,1,1.0000,1.0000,1500.00,0.00,2948.87,-163191.10,2026-04-18T01:16:17.8274687Z
1,1053,1,1,1.0000,1.0000,1500.00,0.00,2967.68,-163247.79,2026-04-18T01:16:19.8313692Z
1,1054,1,1,1.0000,1.0000,1500.00,0.00,2970.62,-163662.98,2026-04-18T01:16:21.8337088Z
1,1055,1,1,1.0000,1.0000,1500.00,0.00,3001.38,-163866.65,2026-04-18T01:16:23.8381406Z
1,1056,1,1,1.0000,1.0000,1500.00,0.00,2977.87,-164647.65,2026-04-18T01:16:25.8383220Z
1,1057,1,1,1.0000,1.0000,1500.00,0.00,3025.21,-164599.24,2026-04-18T01:16:27.8388450Z
1,1058,1,1,1.0000,1.0000,1500.00,0.00,3039.43,-165002.44,2026-04-18T01:16:29.8477050Z
1,1059,1,1,1.0000,1.0000,1500.00,0.00,3080.00,-165776.77,2026-04-18T01:16:31.8586120Z
1,1060,1,1,1.0000,1.0000,1500.00,0.00,3077.82,-165958.62,2026-04-18T01:16:33.8582798Z
1,1061,1,1,1.0000,1.0000,1500.00,0.00,3071.87,-166302.17,2026-04-18T01:16:35.8621660Z
1,1062,1,1,1.0000,1.0000,1500.00,0.00,3078.77,-166389.92,2026-04-18T01:16:37.8752286Z
1,1063,1,1,1.0000,1.0000,1500.00,0.00,3097.47,-166586.19,2026-04-18T01:16:39.8842649Z
1,1064,1,1,1.0000,1.0000,1500.00,0.00,3062.57,-166577.43,2026-04-18T01:16:41.8951189Z
1,1065,1,1,1.0000,1.0000,1500.00,0.00,3104.34,-167281.25,2026-04-18T01:16:43.8964090Z
1,1066,1,1,1.0000,1.0000,1500.00,0.00,3151.61,-167362.80,2026-04-18T01:16:45.9102631Z
1,1067,1,1,1.0000,1.0000,1500.00,0.00,3158.88,-167340.31,2026-04-18T01:16:47.9247195Z
1,1068,1,1,1.0000,1.0000,1500.00,0.00,3117.06,-168655.42,2026-04-18T01:16:49.9384654Z
1,1069,1,1,1.0000,1.0000,1500.00,0.00,3073.76,-168848.12,2026-04-18T01:16:51.9508782Z
1,1070,1,1,1.0000,1.0000,1500.00,0.00,3079.57,-168843.62,2026-04-18T01:16:53.9641904Z
1,1071,1,1,1.0000,1.0000,1500.00,0.00,3033.69,-169266.52,2026-04-18T01:16:55.9645806Z
1,1072,1,1,1.0000,1.0000,1500.00,0.00,3080.65,-169669.42,2026-04-18T01:16:57.9661638Z
1,1073,1,1,1.0000,1.0000,1500.00,0.00,3043.86,-170699.79,2026-04-18T01:16:59.9799545Z
1,1074,1,1,1.0000,1.0000,1500.00,0.00,3001.98,-171045.56,2026-04-18T01:17:01.9937534Z
1,1075,1,1,1.0000,1.0000,1500.00,0.00,3012.89,-171294.72,2026-04-18T01:17:03.9997349Z
1,1076,1,1,1.0000,1.0000,1500.00,0.00,2988.64,-171736.19,2026-04-18T01:17:06.0108565Z
1,1077,1,1,1.0000,1.0000,1500.00,0.00,3030.98,-172322.04,2026-04-18T01:17:08.0183334Z
1,1078,1,1,1.0000,1.0000,1500.00,0.00,2985.45,-172892.28,2026-04-18T01:17:10.0276691Z
1,1079,1,1,1.0000,1.0000,1500.00,0.00,2958.30,-173407.21,2026-04-18T01:17:12.0342386Z
1,1080,1,1,1.0000,1.0000,1500.00,0.00,2908.52,-174211.63,2026-04-18T01:17:14.0394507Z
1,1081,1,1,1.0000,1.0000,1500.00,0.00,2919.62,-174531.20,2026-04-18T01:17:16.0473003Z
1,1082,1,1,1.0000,1.0000,1500.00,0.00,2869.74,-175404.43,2026-04-18T01:17:18.0626177Z
1,1083,1,1,1.0000,1.0000,1500.00,0.00,2843.61,-176147.00,2026-04-18T01:17:20.0760335Z
1,1084,1,1,1.0000,1.0000,1500.00,0.00,2837.64,-177084.29,2026-04-18T01:17:22.0895205Z
1,1085,1,1,1.0000,1.0000,1500.00,0.00,2809.07,-177629.24,2026-04-18T01:17:24.0900626Z
1,1086,1,1,1.0000,1.0000,1500.00,0.00,2810.75,-178576.72,2026-04-18T01:17:26.1007556Z
1,1087,1,1,1.0000,1.0000,1500.00,0.00,2822.98,-178945.36,2026-04-18T01:17:28.1085533Z
1,1088,1,1,1.0000,1.0000,1500.00,0.00,2801.43,-179576.24,2026-04-18T01:17:30.1226726Z
1,1089,1,1,1.0000,1.0000,1500.00,0.00,2800.00,-180023.21,2026-04-18T01:17:32.1342113Z
1,1090,1,1,1.0000,1.0000,1500.00,0.00,2800.00,-180228.37,2026-04-18T01:17:34.1455693Z
1,1091,1,1,1.0000,1.0000,1500.00,0.00,2800.00,-180338.54,2026-04-18T01:17:36.1547062Z
1,1092,1,1,1.0000,1.0000,1500.00,0.00,2800.00,-180565.19,2026-04-18T01:17:38.1647063Z
1,1093,1,1,1.0000,1.0000,1500.00,0.00,2842.98,-180718.17,2026-04-18T01:17:40.1761014Z
1,1094,1,1,1.0000,1.0000,1500.00,0.00,2842.47,-180714.82,2026-04-18T01:17:42.1854251Z
1,1095,1,1,1.0000,1.0000,1500.00,0.00,2809.77,-181066.48,2026-04-18T01:17:44.1941237Z
1,1096,1,1,1.0000,1.0000,1500.00,0.00,2837.59,-181324.36,2026-04-18T01:17:46.2022665Z
1,1097,1,1,1.0000,1.0000,1500.00,0.00,2843.73,-181714.59,2026-04-18T01:17:48.2122286Z
1,1098,1,1,1.0000,1.0000,1500.00,0.00,2829.29,-181869.35,2026-04-18T01:17:50.2255103Z
1,1099,1,1,1.0000,1.0000,1500.00,0.00,2807.07,-181959.07,2026-04-18T01:17:52.2400285Z
1,1100,1,1,1.0000,1.0000,1500.00,0.00,2837.21,-182627.88,2026-04-18T01:17:54.2420664Z
1,1101,1,1,1.0000,1.0000,1500.00,0.00,2819.47,-183125.36,2026-04-18T01:17:56.2563311Z
1,1102,1,1,1.0000,1.0000,1500.00,0.00,2800.00,-183255.21,2026-04-18T01:17:58.2699754Z
1,1103,1,1,1.0000,1.0000,1500.00,0.00,2800.00,-183223.90,2026-04-18T01:18:00.2770195Z
1,1104,1,1,1.0000,1.0000,1500.00,0.00,2843.24,-184010.00,2026-04-18T01:18:02.2901808Z
1,1105,1,1,1.0000,1.0000,1500.00,0.00,2829.23,-184073.94,2026-04-18T01:18:04.2937289Z
1,1106,1,1,1.0000,1.0000,1500.00,0.00,2858.67,-184399.45,2026-04-18T01:18:06.3058140Z
1,1107,1,1,1.0000,1.0000,1500.00,0.00,2858.44,-184386.01,2026-04-18T01:18:08.3203662Z
1,1108,1,1,1.0000,1.0000,1500.00,0.00,2886.52,-184652.18,2026-04-18T01:18:10.3209857Z
1,1109,1,1,1.0000,1.0000,1500.00,0.00,2899.43,-185000.17,2026-04-18T01:18:12.3346066Z
1,1110,1,1,1.0000,1.0000,1500.00,0.00,2857.90,-185505.38,2026-04-18T01:18:14.3486755Z
1,1111,1,1,1.0000,1.0000,1500.00,0.00,2897.41,-186336.86,2026-04-18T01:18:16.3495919Z
1,1112,1,1,1.0000,1.0000,1500.00,0.00,2871.87,-186697.39,2026-04-18T01:18:18.3581798Z
1,1113,1,1,1.0000,1.0000,1500.00,0.00,2849.54,-186835.92,2026-04-18T01:18:20.3657462Z
1,1114,1,1,1.0000,1.0000,1500.00,0.00,2884.29,-187200.22,2026-04-18T01:18:22.3683198Z
1,1115,1,1,1.0000,1.0000,1500.00,0.00,2900.71,-187469.00,2026-04-18T01:18:24.3793117Z
1,1116,1,1,1.0000,1.0000,1500.00,0.00,2949.36,-188105.89,2026-04-18T01:18:26.3942419Z
1,1117,1,1,1.0000,1.0000,1500.00,0.00,2948.24,-188955.98,2026-04-18T01:18:28.4078710Z
1,1118,1,1,1.0000,1.0000,1500.00,0.00,2986.97,-189279.20,2026-04-18T01:18:30.4202103Z
1,1119,1,1,1.0000,1.0000,1500.00,0.00,2987.84,-190194.07,2026-04-18T01:18:32.4301801Z
1,1120,1,1,1.0000,1.0000,1500.00,0.00,2953.60,-190180.24,2026-04-18T01:18:34.4445903Z
1,1121,1,1,1.0000,1.0000,1500.00,0.00,2939.40,-190246.63,2026-04-18T01:18:36.4551566Z
1,1122,1,1,1.0000,1.0000,1500.00,0.00,2983.49,-191194.30,2026-04-18T01:18:38.4691963Z
1,1123,1,1,1.0000,1.0000,1500.00,0.00,2937.93,-192149.05,2026-04-18T01:18:40.4737569Z
1,1124,1,1,1.0000,1.0000,1500.00,0.00,2971.38,-192421.16,2026-04-18T01:18:42.4787970Z
1,1125,1,1,1.0000,1.0000,1500.00,0.00,2975.90,-192642.67,2026-04-18T01:18:44.4874250Z
1,1126,1,1,1.0000,1.0000,1500.00,0.00,3008.03,-192956.19,2026-04-18T01:18:46.5020861Z
1,1127,1,1,1.0000,1.0000,1500.00,0.00,2968.48,-193109.84,2026-04-18T01:18:48.5138282Z
1,1128,1,1,1.0000,1.0000,1500.00,0.00,3013.78,-193669.53,2026-04-18T01:18:50.5251180Z
1,1129,1,1,1.0000,1.0000,1500.00,0.00,3031.61,-194071.34,2026-04-18T01:18:52.5383542Z
1,1130,1,1,1.0000,1.0000,1500.00,0.00,3022.06,-194233.01,2026-04-18T01:18:54.5538427Z
1,1131,1,1,1.0000,1.0000,1500.00,0.00,3041.99,-194342.40,2026-04-18T01:18:56.5659376Z
1,1132,1,1,1.0000,1.0000,1500.00,0.00,3070.32,-194693.34,2026-04-18T01:18:58.5794619Z
1,1133,1,1,1.0000,1.0000,1500.00,0.00,3069.74,-194984.77,2026-04-18T01:19:00.5931987Z
1,1134,1,1,1.0000,1.0000,1500.00,0.00,3118.00,-195729.82,2026-04-18T01:19:02.6072076Z
1,1135,1,1,1.0000,1.0000,1500.00,0.00,3102.25,-195944.49,2026-04-18T01:19:04.6202754Z
1,1136,1,1,1.0000,1.0000,1500.00,0.00,3068.22,-196953.91,2026-04-18T01:19:06.6307495Z
1,1137,1,1,1.0000,1.0000,1500.00,0.00,3094.91,-197395.59,2026-04-18T01:19:08.6435195Z
1,1138,1,1,1.0000,1.0000,1500.00,0.00,3141.73,-198096.63,2026-04-18T01:19:10.6566168Z
1,1139,1,1,1.0000,1.0000,1500.00,0.00,3184.36,-198873.02,2026-04-18T01:19:12.6635560Z
1,1140,1,1,1.0000,1.0000,1500.00,0.00,3212.28,-199600.73,2026-04-18T01:19:14.6777786Z
1,1141,1,1,1.0000,1.0000,1500.00,0.00,3187.10,-200009.35,2026-04-18T01:19:16.6786652Z
1,1142,1,1,1.0000,1.0000,1500.00,0.00,3212.51,-200644.21,2026-04-18T01:19:18.6906736Z
1,1143,1,1,1.0000,1.0000,1500.00,0.00,3193.24,-201001.40,2026-04-18T01:19:20.6902249Z
1,1144,1,1,1.0000,1.0000,1500.00,0.00,3157.06,-201510.96,2026-04-18T01:19:22.6935274Z
1,1145,1,1,1.0000,1.0000,1500.00,0.00,3165.51,-201466.95,2026-04-18T01:19:24.6968527Z
1,1146,1,1,1.0000,1.0000,1500.00,0.00,3195.45,-202262.74,2026-04-18T01:19:26.7078439Z
1,1147,1,1,1.0000,1.0000,1500.00,0.00,3152.51,-202746.88,2026-04-18T01:19:28.7180173Z
1,1148,1,1,1.0000,1.0000,1500.00,0.00,3152.75,-202841.61,2026-04-18T01:19:30.7278624Z
1,1149,1,1,1.0000,1.0000,1500.00,0.00,3131.83,-202978.60,2026-04-18T01:19:32.7309558Z
1,1150,1,1,1.0000,1.0000,1500.00,0.00,3160.31,-203257.82,2026-04-18T01:19:34.7448333Z
1,1151,1,1,1.0000,1.0000,1500.00,0.00,3170.08,-203678.39,2026-04-18T01:19:36.7607644Z
1,1152,1,1,1.0000,1.0000,1500.00,0.00,3161.39,-203660.70,2026-04-18T01:19:38.7763937Z
1,1153,1,1,1.0000,1.0000,1500.00,0.00,3132.46,-204273.65,2026-04-18T01:19:40.7916774Z
1,1154,1,1,1.0000,1.0000,1500.00,0.00,3092.99,-204735.06,2026-04-18T01:19:42.8050413Z
1,1155,1,1,1.0000,1.0000,1500.00,0.00,3077.46,-205071.73,2026-04-18T01:19:44.8189487Z
1,1156,1,1,1.0000,1.0000,1500.00,0.00,3087.83,-205192.27,2026-04-18T01:19:46.8313455Z
1,1157,1,1,1.0000,1.0000,1500.00,0.00,3072.41,-205261.89,2026-04-18T01:19:48.8314929Z
1,1158,1,1,1.0000,1.0000,1500.00,0.00,3038.14,-205843.55,2026-04-18T01:19:50.8397833Z
1,1159,1,1,1.0000,1.0000,1500.00,0.00,3059.92,-206192.32,2026-04-18T01:19:52.8534264Z
1,1160,1,1,1.0000,1.0000,1500.00,0.00,3091.44,-206934.06,2026-04-18T01:19:54.8658473Z
1,1161,1,1,1.0000,1.0000,1500.00,0.00,3120.00,-207135.81,2026-04-18T01:19:56.8770461Z
1,1162,1,1,1.0000,1.0000,1500.00,0.00,3112.85,-207241.10,2026-04-18T01:19:58.8849468Z
1,1163,1,1,1.0000,1.0000,1500.00,0.00,3091.18,-207498.09,2026-04-18T01:20:00.8900774Z
1,1164,1,1,1.0000,1.0000,1500.00,0.00,3096.56,-208076.47,2026-04-18T01:20:02.8893156Z
1,1165,1,1,1.0000,1.0000,1500.00,0.00,3114.26,-208212.58,2026-04-18T01:20:04.8991145Z
1,1166,1,1,1.0000,1.0000,1500.00,0.00,3071.78,-208914.69,2026-04-18T01:20:06.9112861Z
1,1167,1,1,1.0000,1.0000,1500.00,0.00,3074.07,-209327.90,2026-04-18T01:20:08.9148300Z
1,1168,1,1,1.0000,1.0000,1500.00,0.00,3059.67,-209566.14,2026-04-18T01:20:10.9285897Z
1,1169,1,1,1.0000,1.0000,1500.00,0.00,3045.11,-209909.24,2026-04-18T01:20:12.9296369Z
1,1170,1,1,1.0000,1.0000,1500.00,0.00,3094.70,-210250.99,2026-04-18T01:20:14.9337915Z
1,1171,1,1,1.0000,1.0000,1500.00,0.00,3050.71,-211101.94,2026-04-18T01:20:16.9361015Z
1,1172,1,1,1.0000,1.0000,1500.00,0.00,3057.86,-211231.21,2026-04-18T01:20:18.9505672Z
1,1173,1,1,1.0000,1.0000,1500.00,0.00,3017.91,-211581.44,2026-04-18T01:20:20.9517133Z
1,1174,1,1,1.0000,1.0000,1500.00,0.00,3022.76,-211700.28,2026-04-18T01:20:22.9624011Z
1,1175,1,1,1.0000,1.0000,1500.00,0.00,3024.63,-211831.80,2026-04-18T01:20:24.9668076Z
1,1176,1,1,1.0000,1.0000,1500.00,0.00,3066.90,-212117.82,2026-04-18T01:20:26.9677008Z
1,1177,1,1,1.0000,1.0000,1500.00,0.00,3044.02,-212307.54,2026-04-18T01:20:28.9699671Z
1,1178,1,1,1.0000,1.0000,1500.00,0.00,3040.12,-212296.57,2026-04-18T01:20:30.9724695Z
1,1179,1,1,1.0000,1.0000,1500.00,0.00,3077.91,-212591.36,2026-04-18T01:20:32.9766453Z
1,1180,1,1,1.0000,1.0000,1500.00,0.00,3103.86,-212878.43,2026-04-18T01:20:34.9788530Z
1,1181,1,1,1.0000,1.0000,1500.00,0.00,3105.90,-213002.38,2026-04-18T01:20:36.9878605Z
1,1182,1,1,1.0000,1.0000,1500.00,0.00,3131.73,-213448.57,2026-04-18T01:20:38.9999474Z
1,1183,1,1,1.0000,1.0000,1500.00,0.00,3134.76,-213541.40,2026-04-18T01:20:41.0046291Z
1,1184,1,1,1.0000,1.0000,1500.00,0.00,3177.72,-214160.00,2026-04-18T01:20:43.0172507Z
1,1185,1,1,1.0000,1.0000,1500.00,0.00,3163.30,-214321.50,2026-04-18T01:20:45.0185158Z
1,1186,1,1,1.0000,1.0000,1500.00,0.00,3198.88,-214529.41,2026-04-18T01:20:47.0305469Z
1,1187,1,1,1.0000,1.0000,1500.00,0.00,3166.23,-215030.07,2026-04-18T01:20:49.0351781Z
1,1188,1,1,1.0000,1.0000,1500.00,0.00,3201.90,-215235.41,2026-04-18T01:20:51.0488914Z
1,1401,1,1,1.0000,1.0000,1500.00,0.00,3294.39,-216476.97,2026-04-18T01:27:58.9168628Z
1,1402,1,1,1.0000,1.0000,1500.00,0.00,3255.47,-217071.97,2026-04-18T01:28:00.9280586Z
1,1403,1,1,1.0000,1.0000,1500.00,0.00,3208.99,-218215.99,2026-04-18T01:28:02.9411853Z
1,1404,1,1,1.0000,1.0000,1500.00,0.00,3225.97,-218179.38,2026-04-18T01:28:04.9437060Z
1,1405,1,1,1.0000,1.0000,1500.00,0.00,3237.73,-218179.30,2026-04-18T01:28:06.9582952Z
1,1406,1,1,1.0000,1.0000,1500.00,0.00,3222.88,-218410.29,2026-04-18T01:28:08.9733504Z
1,1407,1,1,1.0000,1.0000,1500.00,0.00,3239.41,-218553.45,2026-04-18T01:28:10.9874719Z
1,1408,1,1,1.0000,1.0000,1500.00,0.00,3202.88,-219195.23,2026-04-18T01:28:12.9937171Z
1,1409,1,1,1.0000,1.0000,1500.00,0.00,3161.80,-219572.95,2026-04-18T01:28:15.0036896Z
1,1410,1,1,1.0000,1.0000,1500.00,0.00,3208.74,-219953.82,2026-04-18T01:28:17.0048700Z
1,1411,1,1,1.0000,1.0000,1500.00,0.00,3203.30,-220656.83,2026-04-18T01:28:19.0136495Z
1,1412,1,1,1.0000,1.0000,1500.00,0.00,3184.35,-220833.30,2026-04-18T01:28:21.0216439Z
1,1413,1,1,1.0000,1.0000,1500.00,0.00,3172.91,-221007.70,2026-04-18T01:28:23.0296461Z
1,1414,1,1,1.0000,1.0000,1500.00,0.00,3182.26,-221545.03,2026-04-18T01:28:25.0444380Z
1,1415,1,1,1.0000,1.0000,1500.00,0.00,3170.69,-221766.87,2026-04-18T01:28:27.0515807Z
1,1416,1,1,1.0000,1.0000,1500.00,0.00,3127.64,-222139.35,2026-04-18T01:28:29.0635404Z
1,1417,1,1,1.0000,1.0000,1500.00,0.00,3086.06,-222239.54,2026-04-18T01:28:31.0698570Z
1,1418,1,1,1.0000,1.0000,1500.00,0.00,3135.65,-223640.99,2026-04-18T01:28:33.0714523Z
1,1419,1,1,1.0000,1.0000,1500.00,0.00,3106.22,-224198.74,2026-04-18T01:28:35.0709959Z
1,1420,1,1,1.0000,1.0000,1500.00,0.00,3070.99,-224560.29,2026-04-18T01:28:37.0857915Z
1,1421,1,1,1.0000,1.0000,1500.00,0.00,3066.95,-224656.60,2026-04-18T01:28:39.0973023Z
1,1422,1,1,1.0000,1.0000,1500.00,0.00,3069.73,-224948.58,2026-04-18T01:28:41.1008926Z
1,1423,1,1,1.0000,1.0000,1500.00,0.00,3117.46,-226101.39,2026-04-18T01:28:43.1154712Z
1,1424,1,1,1.0000,1.0000,1500.00,0.00,3135.89,-226386.79,2026-04-18T01:28:45.1265620Z
1,1425,1,1,1.0000,1.0000,1500.00,0.00,3162.60,-226596.02,2026-04-18T01:28:47.1303298Z
1,1426,1,1,1.0000,1.0000,1500.00,0.00,3154.33,-227611.88,2026-04-18T01:28:49.1415147Z
1,1427,1,1,1.0000,1.0000,1500.00,0.00,3172.49,-227727.20,2026-04-18T01:28:51.1467595Z
1,1428,1,1,1.0000,1.0000,1500.00,0.00,3201.73,-227935.91,2026-04-18T01:28:53.1554991Z
1,1429,1,1,1.0000,1.0000,1500.00,0.00,3166.59,-228426.95,2026-04-18T01:28:55.1595862Z
1,1430,1,1,1.0000,1.0000,1500.00,0.00,3177.45,-228940.66,2026-04-18T01:28:57.1726682Z
1,1431,1,1,1.0000,1.0000,1500.00,0.00,3206.85,-229337.22,2026-04-18T01:28:59.1728108Z
1,1432,1,1,1.0000,1.0000,1500.00,0.00,3230.19,-229508.44,2026-04-18T01:29:01.1736964Z
1,1433,1,1,1.0000,1.0000,1500.00,0.00,3264.80,-229724.37,2026-04-18T01:29:03.1771905Z
1,1434,1,1,1.0000,1.0000,1500.00,0.00,3269.06,-230573.48,2026-04-18T01:29:05.1907085Z
1,1435,1,1,1.0000,1.0000,1500.00,0.00,3260.11,-231531.42,2026-04-18T01:29:07.2031787Z
1,1436,1,1,1.0000,1.0000,1500.00,0.00,3277.18,-231491.85,2026-04-18T01:29:09.2163994Z
1,1437,1,1,1.0000,1.0000,1500.00,0.00,3256.29,-231614.64,2026-04-18T01:29:11.2279705Z
1,1438,1,1,1.0000,1.0000,1500.00,0.00,3229.76,-231995.07,2026-04-18T01:29:13.2380525Z
1,1439,1,1,1.0000,1.0000,1500.00,0.00,3189.65,-231994.01,2026-04-18T01:29:15.2507496Z
1,1440,1,1,1.0000,1.0000,1500.00,0.00,3198.37,-232844.29,2026-04-18T01:29:17.2644731Z
1,1441,1,1,1.0000,1.0000,1500.00,0.00,3214.14,-233025.98,2026-04-18T01:29:19.2770925Z
1,1442,1,1,1.0000,1.0000,1500.00,0.00,3255.32,-233487.00,2026-04-18T01:29:21.2896895Z
1,1443,1,1,1.0000,1.0000,1500.00,0.00,3219.00,-233705.27,2026-04-18T01:29:23.3014331Z
1,1444,1,1,1.0000,1.0000,1500.00,0.00,3208.64,-233663.08,2026-04-18T01:29:25.3142452Z
1,1445,1,1,1.0000,1.0000,1500.00,0.00,3247.93,-234540.18,2026-04-18T01:29:27.3272418Z
1,1446,1,1,1.0000,1.0000,1500.00,0.00,3250.44,-234987.63,2026-04-18T01:29:29.3412847Z
1,1447,1,1,1.0000,1.0000,1500.00,0.00,3206.44,-235350.71,2026-04-18T01:29:31.3501062Z
1,1448,1,1,1.0000,1.0000,1500.00,0.00,3231.34,-236075.37,2026-04-18T01:29:33.3524167Z
1,1449,1,1,1.0000,1.0000,1500.00,0.00,3227.94,-236144.56,2026-04-18T01:29:35.3617751Z
1,1450,1,1,1.0000,1.0000,1500.00,0.00,3224.58,-236194.87,2026-04-18T01:29:37.3768905Z
1,1451,1,1,1.0000,1.0000,1500.00,0.00,3262.84,-236551.01,2026-04-18T01:29:39.3772940Z
1,1452,1,1,1.0000,1.0000,1500.00,0.00,3265.61,-236658.63,2026-04-18T01:29:41.3786225Z
1,1453,1,1,1.0000,1.0000,1500.00,0.00,3282.77,-236935.00,2026-04-18T01:29:43.3929023Z
1,1454,1,1,1.0000,1.0000,1500.00,0.00,3234.71,-237283.90,2026-04-18T01:29:45.4059462Z
1,1455,1,1,1.0000,1.0000,1500.00,0.00,3280.05,-237707.34,2026-04-18T01:29:47.4149691Z
1,1456,1,1,1.0000,1.0000,1500.00,0.00,3231.23,-238069.84,2026-04-18T01:29:49.4277677Z
1,1457,1,1,1.0000,1.0000,1500.00,0.00,3228.16,-238025.28,2026-04-18T01:29:51.4329982Z
1,1458,1,1,1.0000,1.0000,1500.00,0.00,3233.69,-238696.04,2026-04-18T01:29:53.4377286Z
1,1459,1,1,1.0000,1.0000,1500.00,0.00,3265.40,-239010.28,2026-04-18T01:29:55.4439491Z
1,1460,1,1,1.0000,1.0000,1500.00,0.00,3289.09,-239298.88,2026-04-18T01:29:57.4552879Z
1,1461,1,1,1.0000,1.0000,1500.00,0.00,3278.51,-240002.52,2026-04-18T01:29:59.4632940Z
1,1462,1,1,1.0000,1.0000,1500.00,0.00,3327.47,-240589.10,2026-04-18T01:30:01.4706467Z
1,1463,1,1,1.0000,1.0000,1500.00,0.00,3308.45,-240831.55,2026-04-18T01:30:03.4794137Z
1,1464,1,1,1.0000,1.0000,1500.00,0.00,3301.52,-240988.52,2026-04-18T01:30:05.4922101Z
1,1465,1,1,1.0000,1.0000,1500.00,0.00,3259.45,-241281.38,2026-04-18T01:30:07.4975918Z
1,1466,1,1,1.0000,1.0000,1500.00,0.00,3230.40,-241583.90,2026-04-18T01:30:09.5103465Z
1,1467,1,1,1.0000,1.0000,1500.00,0.00,3202.54,-241946.75,2026-04-18T01:30:11.5124447Z
1,1468,1,1,1.0000,1.0000,1500.00,0.00,3219.99,-241939.49,2026-04-18T01:30:13.5193379Z
1,1469,1,1,1.0000,1.0000,1500.00,0.00,3255.37,-242382.15,2026-04-18T01:30:15.5340124Z
1,1470,1,1,1.0000,1.0000,1500.00,0.00,3294.04,-242531.91,2026-04-18T01:30:17.5383356Z
1,1471,1,1,1.0000,1.0000,1500.00,0.00,3261.54,-242788.23,2026-04-18T01:30:19.5495073Z
1,1472,1,1,1.0000,1.0000,1500.00,0.00,3218.90,-243149.71,2026-04-18T01:30:21.5551693Z
1,1473,1,1,1.0000,1.0000,1500.00,0.00,3244.51,-244110.20,2026-04-18T01:30:23.5599474Z
1,1474,1,1,1.0000,1.0000,1500.00,0.00,3256.34,-244248.58,2026-04-18T01:30:25.5670208Z
1,1475,1,1,1.0000,1.0000,1500.00,0.00,3226.88,-245153.70,2026-04-18T01:30:27.5808328Z
1,1476,1,1,1.0000,1.0000,1500.00,0.00,3260.18,-245466.97,2026-04-18T01:30:29.5888416Z
1,1477,1,1,1.0000,1.0000,1500.00,0.00,3233.58,-246136.49,2026-04-18T01:30:31.6008287Z
1,1478,1,1,1.0000,1.0000,1500.00,0.00,3255.76,-246368.58,2026-04-18T01:30:33.6015886Z
1,1479,1,1,1.0000,1.0000,1500.00,0.00,3228.10,-246656.39,2026-04-18T01:30:35.6160892Z
1,1480,1,1,1.0000,1.0000,1500.00,0.00,3205.70,-246847.48,2026-04-18T01:30:37.6179639Z
1,1481,1,1,1.0000,1.0000,1500.00,0.00,3220.43,-246843.47,2026-04-18T01:30:39.6200793Z
1,1482,1,1,1.0000,1.0000,1500.00,0.00,3269.50,-247243.79,2026-04-18T01:30:41.6335245Z
1,1483,1,1,1.0000,1.0000,1500.00,0.00,3270.05,-247314.81,2026-04-18T01:30:43.6408002Z
1,1484,1,1,1.0000,1.0000,1500.00,0.00,3232.94,-247692.68,2026-04-18T01:30:45.6534524Z
1,1485,1,1,1.0000,1.0000,1500.00,0.00,3204.08,-247991.87,2026-04-18T01:30:47.6638180Z
1,1486,1,1,1.0000,1.0000,1500.00,0.00,3164.90,-248260.99,2026-04-18T01:30:49.6730522Z
1,1487,1,1,1.0000,1.0000,1500.00,0.00,3145.37,-248670.39,2026-04-18T01:30:51.6849613Z
1,1488,1,1,1.0000,1.0000,1500.00,0.00,3101.97,-249019.19,2026-04-18T01:30:53.6875401Z
1,1489,1,1,1.0000,1.0000,1500.00,0.00,3056.95,-249344.02,2026-04-18T01:30:55.6994990Z
1,1490,1,1,1.0000,1.0000,1500.00,0.00,3090.29,-249492.53,2026-04-18T01:30:57.7138364Z
1,1491,1,1,1.0000,1.0000,1500.00,0.00,3102.73,-249719.46,2026-04-18T01:30:59.7273157Z
1,1492,1,1,1.0000,1.0000,1500.00,0.00,3062.66,-249879.85,2026-04-18T01:31:01.7325244Z
1,1493,1,1,1.0000,1.0000,1500.00,0.00,3033.33,-249948.05,2026-04-18T01:31:03.7470355Z
1,1494,1,1,1.0000,1.0000,1500.00,0.00,3044.17,-250256.90,2026-04-18T01:31:05.7551572Z
1,1495,1,1,1.0000,1.0000,1500.00,0.00,3031.02,-250786.10,2026-04-18T01:31:07.7692690Z
1,1496,1,1,1.0000,1.0000,1500.00,0.00,2997.76,-250983.73,2026-04-18T01:31:09.7828620Z
1,1497,1,1,1.0000,1.0000,1500.00,0.00,3005.46,-251590.74,2026-04-18T01:31:11.7842754Z
1,1498,1,1,1.0000,1.0000,1500.00,0.00,2959.70,-251574.98,2026-04-18T01:31:13.7897885Z
1,1499,1,1,1.0000,1.0000,1500.00,0.00,2915.62,-251865.76,2026-04-18T01:31:15.8045967Z
1,1500,1,1,1.0000,1.0000,1500.00,0.00,2962.76,-252517.71,2026-04-18T01:31:17.8052928Z
1,1501,1,1,1.0000,1.0000,1500.00,0.00,2937.19,-252603.31,2026-04-18T01:31:19.8063651Z
1,1502,1,1,1.0000,1.0000,1500.00,0.00,2984.23,-252559.61,2026-04-18T01:31:21.8204149Z
1,1503,1,1,1.0000,1.0000,1500.00,0.00,2956.83,-253420.62,2026-04-18T01:31:23.8242228Z
1,1504,1,1,1.0000,1.0000,1500.00,0.00,2955.88,-253708.12,2026-04-18T01:31:25.8325016Z
1,1505,1,1,1.0000,1.0000,1500.00,0.00,2906.71,-254439.12,2026-04-18T01:31:27.8413565Z
1,1506,1,1,1.0000,1.0000,1500.00,0.00,2892.89,-254940.67,2026-04-18T01:31:29.8530809Z
1,1507,1,1,1.0000,1.0000,1500.00,0.00,2916.75,-256031.98,2026-04-18T01:31:31.8569097Z
1,1508,1,1,1.0000,1.0000,1500.00,0.00,2867.49,-256476.26,2026-04-18T01:31:33.8599515Z
1,1509,1,1,1.0000,1.0000,1500.00,0.00,2916.32,-256614.97,2026-04-18T01:31:35.8627747Z
1,1510,1,1,1.0000,1.0000,1500.00,0.00,2872.38,-257515.26,2026-04-18T01:31:37.8750690Z
1,1511,1,1,1.0000,1.0000,1500.00,0.00,2839.69,-257742.98,2026-04-18T01:31:39.8775287Z
1,1512,1,1,1.0000,1.0000,1500.00,0.00,2804.95,-258143.68,2026-04-18T01:31:41.8783157Z
1,1513,1,1,1.0000,1.0000,1500.00,0.00,2828.01,-259297.87,2026-04-18T01:31:43.8805749Z
1,1514,1,1,1.0000,1.0000,1500.00,0.00,2858.79,-259295.41,2026-04-18T01:31:45.8948162Z
1,1515,1,1,1.0000,1.0000,1500.00,0.00,2836.87,-260103.14,2026-04-18T01:31:47.9051546Z
1,1516,1,1,1.0000,1.0000,1500.00,0.00,2828.68,-260622.99,2026-04-18T01:31:49.9066174Z
1,1517,1,1,1.0000,1.0000,1500.00,0.00,2862.44,-261393.40,2026-04-18T01:31:51.9181625Z
1,1518,1,1,1.0000,1.0000,1500.00,0.00,2883.12,-261646.03,2026-04-18T01:31:53.9265400Z
1,1519,1,1,1.0000,1.0000,1500.00,0.00,2846.92,-262492.37,2026-04-18T01:31:55.9270018Z
1,1520,1,1,1.0000,1.0000,1500.00,0.00,2887.67,-262776.79,2026-04-18T01:31:57.9421778Z
1,1521,1,1,1.0000,1.0000,1500.00,0.00,2841.70,-263297.34,2026-04-18T01:31:59.9518408Z
1,1522,1,1,1.0000,1.0000,1500.00,0.00,2865.61,-263423.29,2026-04-18T01:32:01.9623381Z
1,1523,1,1,1.0000,1.0000,1500.00,0.00,2828.59,-263817.11,2026-04-18T01:32:03.9769602Z
1,1524,1,1,1.0000,1.0000,1500.00,0.00,2801.91,-264064.55,2026-04-18T01:32:05.9792135Z
1,1525,1,1,1.0000,1.0000,1500.00,0.00,2800.00,-264060.44,2026-04-18T01:32:07.9855067Z
1,1526,1,1,1.0000,1.0000,1500.00,0.00,2821.84,-264897.94,2026-04-18T01:32:09.9868541Z
1,1527,1,1,1.0000,1.0000,1500.00,0.00,2820.93,-264992.98,2026-04-18T01:32:11.9898519Z
1,1528,1,1,1.0000,1.0000,1500.00,0.00,2800.00,-265121.67,2026-04-18T01:32:14.0041457Z
1,1529,1,1,1.0000,1.0000,1500.00,0.00,2822.80,-265604.49,2026-04-18T01:32:16.0045356Z
1,1530,1,1,1.0000,1.0000,1500.00,0.00,2800.00,-266100.58,2026-04-18T01:32:18.0056086Z
1,1531,1,1,1.0000,1.0000,1500.00,0.00,2800.00,-266055.79,2026-04-18T01:32:20.0079312Z
1,1532,1,1,1.0000,1.0000,1500.00,0.00,2800.00,-266151.92,2026-04-18T01:32:22.0213227Z
1,1533,1,1,1.0000,1.0000,1500.00,0.00,2800.00,-266247.30,2026-04-18T01:32:24.0220042Z
1,1534,1,1,1.0000,1.0000,1500.00,0.00,2825.79,-266733.20,2026-04-18T01:32:26.0239621Z
1,1535,1,1,1.0000,1.0000,1500.00,0.00,2800.00,-267249.00,2026-04-18T01:32:28.0368422Z
1,1536,1,1,1.0000,1.0000,1500.00,0.00,2800.00,-267235.00,2026-04-18T01:32:30.0466095Z
1,1537,1,1,1.0000,1.0000,1500.00,0.00,2810.24,-267347.91,2026-04-18T01:32:32.0547770Z
1,1538,1,1,1.0000,1.0000,1500.00,0.00,2800.00,-267488.16,2026-04-18T01:32:34.0616913Z
1,1539,1,1,1.0000,1.0000,1500.00,0.00,2819.49,-267626.96,2026-04-18T01:32:36.0678825Z
1,1540,1,1,1.0000,1.0000,1500.00,0.00,2800.00,-267834.03,2026-04-18T01:32:38.0776887Z
1,1541,1,1,1.0000,1.0000,1500.00,0.00,2830.29,-268131.49,2026-04-18T01:32:40.0825499Z
1,1542,1,1,1.0000,1.0000,1500.00,0.00,2800.00,-268726.31,2026-04-18T01:32:42.0957830Z
1,1543,1,1,1.0000,1.0000,1500.00,0.00,2806.05,-269103.38,2026-04-18T01:32:44.1022387Z
1,1544,1,1,1.0000,1.0000,1500.00,0.00,2850.17,-269538.83,2026-04-18T01:32:46.1113080Z
1,1545,1,1,1.0000,1.0000,1500.00,0.00,2890.21,-270058.60,2026-04-18T01:32:48.1239045Z
1,1546,1,1,1.0000,1.0000,1500.00,0.00,2908.76,-270691.86,2026-04-18T01:32:50.1267530Z
1,1547,1,1,1.0000,1.0000,1500.00,0.00,2939.51,-271267.93,2026-04-18T01:32:52.1308573Z
1,1548,1,1,1.0000,1.0000,1500.00,0.00,2947.84,-271694.26,2026-04-18T01:32:54.1339167Z
1,1549,1,1,1.0000,1.0000,1500.00,0.00,2955.16,-271793.11,2026-04-18T01:32:56.1476448Z
1,1550,1,1,1.0000,1.0000,1500.00,0.00,2915.15,-271845.26,2026-04-18T01:32:58.1583845Z
1,1551,1,1,1.0000,1.0000,1500.00,0.00,2937.40,-272278.41,2026-04-18T01:33:00.1665159Z
1,1552,1,1,1.0000,1.0000,1500.00,0.00,2948.87,-272730.55,2026-04-18T01:33:02.1781160Z
1,1553,1,1,1.0000,1.0000,1500.00,0.00,2967.68,-272894.29,2026-04-18T01:33:04.1915730Z
1,1554,1,1,1.0000,1.0000,1500.00,0.00,2970.62,-273223.84,2026-04-18T01:33:06.2039467Z
1,1555,1,1,1.0000,1.0000,1500.00,0.00,3001.38,-273427.51,2026-04-18T01:33:08.2143558Z
1,1556,1,1,1.0000,1.0000,1500.00,0.00,2977.87,-273541.73,2026-04-18T01:33:10.2221042Z
1,1557,1,1,1.0000,1.0000,1500.00,0.00,3025.21,-273493.33,2026-04-18T01:33:12.2342296Z
1,1558,1,1,1.0000,1.0000,1500.00,0.00,3039.43,-273896.52,2026-04-18T01:33:14.2468544Z
1,1559,1,1,1.0000,1.0000,1500.00,0.00,3080.00,-274152.54,2026-04-18T01:33:16.2620966Z
1,1560,1,1,1.0000,1.0000,1500.00,0.00,3077.82,-274582.00,2026-04-18T01:33:18.2650265Z
1,1561,1,1,1.0000,1.0000,1500.00,0.00,3071.87,-274803.97,2026-04-18T01:33:20.2717576Z
1,1562,1,1,1.0000,1.0000,1500.00,0.00,3078.77,-275221.93,2026-04-18T01:33:22.2726814Z
1,1563,1,1,1.0000,1.0000,1500.00,0.00,3097.47,-275736.77,2026-04-18T01:33:24.2783915Z
1,1564,1,1,1.0000,1.0000,1500.00,0.00,3062.57,-275728.01,2026-04-18T01:33:26.2800230Z
1,1565,1,1,1.0000,1.0000,1500.00,0.00,3104.34,-276431.83,2026-04-18T01:33:28.2922563Z
1,1566,1,1,1.0000,1.0000,1500.00,0.00,3151.61,-276802.69,2026-04-18T01:33:30.2959678Z
1,1567,1,1,1.0000,1.0000,1500.00,0.00,3158.88,-276780.20,2026-04-18T01:33:32.2975566Z
1,1568,1,1,1.0000,1.0000,1500.00,0.00,3117.06,-276753.15,2026-04-18T01:33:34.3075008Z
1,1569,1,1,1.0000,1.0000,1500.00,0.00,3073.76,-277190.26,2026-04-18T01:33:36.3162126Z
1,1570,1,1,1.0000,1.0000,1500.00,0.00,3079.57,-278030.70,2026-04-18T01:33:38.3312713Z
1,1571,1,1,1.0000,1.0000,1500.00,0.00,3033.69,-278453.60,2026-04-18T01:33:40.3366255Z
1,1572,1,1,1.0000,1.0000,1500.00,0.00,3080.65,-279983.06,2026-04-18T01:33:42.3499204Z
1,1573,1,1,1.0000,1.0000,1500.00,0.00,3043.86,-281013.43,2026-04-18T01:33:44.3489696Z
1,1574,1,1,1.0000,1.0000,1500.00,0.00,3001.98,-281359.20,2026-04-18T01:33:46.3503318Z
1,1575,1,1,1.0000,1.0000,1500.00,0.00,3012.89,-282210.12,2026-04-18T01:33:48.3604585Z
1,1576,1,1,1.0000,1.0000,1500.00,0.00,2988.64,-282619.35,2026-04-18T01:33:50.3724444Z
1,1577,1,1,1.0000,1.0000,1500.00,0.00,3030.98,-282801.66,2026-04-18T01:33:52.3734516Z
1,1578,1,1,1.0000,1.0000,1500.00,0.00,2985.45,-283371.90,2026-04-18T01:33:54.3737682Z
1,1579,1,1,1.0000,1.0000,1500.00,0.00,2958.30,-283546.10,2026-04-18T01:33:56.3884351Z
1,1580,1,1,1.0000,1.0000,1500.00,0.00,2908.52,-283932.86,2026-04-18T01:33:58.4000657Z
1,1581,1,1,1.0000,1.0000,1500.00,0.00,2919.62,-284177.94,2026-04-18T01:34:00.4040669Z
1,1582,1,1,1.0000,1.0000,1500.00,0.00,2869.74,-284515.83,2026-04-18T01:34:02.4061950Z
1,1583,1,1,1.0000,1.0000,1500.00,0.00,2843.61,-285258.39,2026-04-18T01:34:04.4165055Z
1,1584,1,1,1.0000,1.0000,1500.00,0.00,2837.64,-286195.68,2026-04-18T01:34:06.4271263Z
1,1585,1,1,1.0000,1.0000,1500.00,0.00,2809.07,-286740.64,2026-04-18T01:34:08.4275890Z
1,1586,1,1,1.0000,1.0000,1500.00,0.00,2810.75,-287282.46,2026-04-18T01:34:10.4290485Z
1,1587,1,1,1.0000,1.0000,1500.00,0.00,2822.98,-287968.77,2026-04-18T01:34:12.4351896Z
1,1588,1,1,1.0000,1.0000,1500.00,0.00,2801.43,-288599.64,2026-04-18T01:34:14.4501925Z
1,1589,1,1,1.0000,1.0000,1500.00,0.00,2800.00,-288902.40,2026-04-18T01:34:16.4518674Z
1,1590,1,1,1.0000,1.0000,1500.00,0.00,2800.00,-289107.55,2026-04-18T01:34:18.4679005Z
1,1591,1,1,1.0000,1.0000,1500.00,0.00,2800.00,-289330.72,2026-04-18T01:34:20.4813771Z
1,1592,1,1,1.0000,1.0000,1500.00,0.00,2800.00,-289557.37,2026-04-18T01:34:22.4953680Z
1,1593,1,1,1.0000,1.0000,1500.00,0.00,2842.98,-289710.35,2026-04-18T01:34:24.5106463Z
1,1594,1,1,1.0000,1.0000,1500.00,0.00,2842.47,-289706.99,2026-04-18T01:34:26.5234340Z
1,1595,1,1,1.0000,1.0000,1500.00,0.00,2809.77,-290557.28,2026-04-18T01:34:28.5244996Z
1,1596,1,1,1.0000,1.0000,1500.00,0.00,2837.59,-290815.15,2026-04-18T01:34:30.5394508Z
1,1597,1,1,1.0000,1.0000,1500.00,0.00,2843.73,-290810.62,2026-04-18T01:34:32.5462377Z
1,1598,1,1,1.0000,1.0000,1500.00,0.00,2829.29,-291278.76,2026-04-18T01:34:34.5570729Z
1,1599,1,1,1.0000,1.0000,1500.00,0.00,2807.07,-291548.63,2026-04-18T01:34:36.5610412Z
1,1600,1,1,1.0000,1.0000,1500.00,0.00,2837.21,-292217.44,2026-04-18T01:34:38.5611925Z
1,1601,1,1,1.0000,1.0000,1500.00,0.00,2819.47,-292415.91,2026-04-18T01:34:40.5620326Z
1,1602,1,1,1.0000,1.0000,1500.00,0.00,2800.00,-292545.75,2026-04-18T01:34:42.5777124Z
1,1603,1,1,1.0000,1.0000,1500.00,0.00,2800.00,-292605.01,2026-04-18T01:34:44.5850405Z
1,1604,1,1,1.0000,1.0000,1500.00,0.00,2843.24,-292984.70,2026-04-18T01:34:46.5921238Z
1,1605,1,1,1.0000,1.0000,1500.00,0.00,2829.23,-293048.63,2026-04-18T01:34:48.5999868Z
1,1606,1,1,1.0000,1.0000,1500.00,0.00,2858.67,-293374.14,2026-04-18T01:34:50.6152380Z
1,1607,1,1,1.0000,1.0000,1500.00,0.00,2858.44,-293360.70,2026-04-18T01:34:52.6226644Z
1,1608,1,1,1.0000,1.0000,1500.00,0.00,2886.52,-293601.81,2026-04-18T01:34:54.6277666Z
1,1609,1,1,1.0000,1.0000,1500.00,0.00,2899.43,-293949.80,2026-04-18T01:34:56.6278191Z
1,1610,1,1,1.0000,1.0000,1500.00,0.00,2857.90,-294977.53,2026-04-18T01:34:58.6321233Z
1,1611,1,1,1.0000,1.0000,1500.00,0.00,2897.41,-295809.01,2026-04-18T01:35:00.6471142Z
1,1612,1,1,1.0000,1.0000,1500.00,0.00,2871.87,-295892.24,2026-04-18T01:35:02.6526361Z
1,1613,1,1,1.0000,1.0000,1500.00,0.00,2849.54,-296030.78,2026-04-18T01:35:04.6621554Z
1,1614,1,1,1.0000,1.0000,1500.00,0.00,2884.29,-296395.07,2026-04-18T01:35:06.6638643Z
1,1615,1,1,1.0000,1.0000,1500.00,0.00,2900.71,-296663.85,2026-04-18T01:35:08.6672769Z
1,1616,1,1,1.0000,1.0000,1500.00,0.00,2949.36,-297300.74,2026-04-18T01:35:10.6796193Z
1,1617,1,1,1.0000,1.0000,1500.00,0.00,2948.24,-297359.90,2026-04-18T01:35:12.6850068Z
1,1618,1,1,1.0000,1.0000,1500.00,0.00,2986.97,-298007.73,2026-04-18T01:35:14.6975979Z
1,1619,1,1,1.0000,1.0000,1500.00,0.00,2987.84,-298922.60,2026-04-18T01:35:16.7025691Z
1,1620,1,1,1.0000,1.0000,1500.00,0.00,2953.60,-299416.16,2026-04-18T01:35:18.7165618Z
1,1621,1,1,1.0000,1.0000,1500.00,0.00,2939.40,-299694.23,2026-04-18T01:35:20.7281283Z
1,1622,1,1,1.0000,1.0000,1500.00,0.00,2983.49,-300641.90,2026-04-18T01:35:22.7362672Z
1,1623,1,1,1.0000,1.0000,1500.00,0.00,2937.93,-301596.65,2026-04-18T01:35:24.7511406Z
1,1624,1,1,1.0000,1.0000,1500.00,0.00,2971.38,-302026.33,2026-04-18T01:35:26.7564977Z
1,1625,1,1,1.0000,1.0000,1500.00,0.00,2975.90,-302427.41,2026-04-18T01:35:28.7695670Z
1,1626,1,1,1.0000,1.0000,1500.00,0.00,3008.03,-302740.93,2026-04-18T01:35:30.7729624Z
1,1627,1,1,1.0000,1.0000,1500.00,0.00,2968.48,-303159.18,2026-04-18T01:35:32.7811273Z
1,1628,1,1,1.0000,1.0000,1500.00,0.00,3013.78,-303603.89,2026-04-18T01:35:34.7945767Z
1,1629,1,1,1.0000,1.0000,1500.00,0.00,3031.61,-303740.28,2026-04-18T01:35:36.8010027Z
1,1630,1,1,1.0000,1.0000,1500.00,0.00,3022.06,-303901.96,2026-04-18T01:35:38.8066305Z
1,1631,1,1,1.0000,1.0000,1500.00,0.00,3041.99,-304244.32,2026-04-18T01:35:40.8064507Z
1,1632,1,1,1.0000,1.0000,1500.00,0.00,3070.32,-304437.28,2026-04-18T01:35:42.8173157Z
1,1633,1,1,1.0000,1.0000,1500.00,0.00,3069.74,-304566.27,2026-04-18T01:35:44.8211971Z
1,1634,1,1,1.0000,1.0000,1500.00,0.00,3118.00,-304555.82,2026-04-18T01:35:46.8311633Z
1,1635,1,1,1.0000,1.0000,1500.00,0.00,3102.25,-305521.98,2026-04-18T01:35:48.8319463Z
1,1636,1,1,1.0000,1.0000,1500.00,0.00,3068.22,-305476.37,2026-04-18T01:35:50.8408393Z
1,1637,1,1,1.0000,1.0000,1500.00,0.00,3094.91,-305614.77,2026-04-18T01:35:52.8507208Z
1,1638,1,1,1.0000,1.0000,1500.00,0.00,3141.73,-306315.81,2026-04-18T01:35:54.8519069Z
1,1639,1,1,1.0000,1.0000,1500.00,0.00,3184.36,-306499.86,2026-04-18T01:35:56.8601671Z
1,1640,1,1,1.0000,1.0000,1500.00,0.00,3212.28,-307227.57,2026-04-18T01:35:58.8694706Z
1,1641,1,1,1.0000,1.0000,1500.00,0.00,3187.10,-307469.23,2026-04-18T01:36:00.8734471Z
1,1642,1,1,1.0000,1.0000,1500.00,0.00,3212.51,-307570.25,2026-04-18T01:36:02.8750527Z
1,1643,1,1,1.0000,1.0000,1500.00,0.00,3193.24,-307927.44,2026-04-18T01:36:04.8782893Z
1,1644,1,1,1.0000,1.0000,1500.00,0.00,3157.06,-308437.01,2026-04-18T01:36:06.8923950Z
1,1645,1,1,1.0000,1.0000,1500.00,0.00,3165.51,-309031.08,2026-04-18T01:36:08.8973567Z
1,1646,1,1,1.0000,1.0000,1500.00,0.00,3195.45,-309517.53,2026-04-18T01:36:10.8989063Z
1,1647,1,1,1.0000,1.0000,1500.00,0.00,3152.51,-310001.67,2026-04-18T01:36:12.9155419Z
1,1648,1,1,1.0000,1.0000,1500.00,0.00,3152.75,-310096.40,2026-04-18T01:36:14.9185964Z
1,1649,1,1,1.0000,1.0000,1500.00,0.00,3131.83,-310254.80,2026-04-18T01:36:16.9288059Z
1,1650,1,1,1.0000,1.0000,1500.00,0.00,3160.31,-311062.63,2026-04-18T01:36:18.9387158Z
1,1651,1,1,1.0000,1.0000,1500.00,0.00,3170.08,-311220.45,2026-04-18T01:36:20.9426294Z
1,1652,1,1,1.0000,1.0000,1500.00,0.00,3161.39,-311183.23,2026-04-18T01:36:22.9493009Z
1,1653,1,1,1.0000,1.0000,1500.00,0.00,3132.46,-311447.56,2026-04-18T01:36:24.9629254Z
1,1654,1,1,1.0000,1.0000,1500.00,0.00,3092.99,-311908.97,2026-04-18T01:36:26.9707080Z
1,1655,1,1,1.0000,1.0000,1500.00,0.00,3077.46,-312245.64,2026-04-18T01:36:28.9829222Z
1,1656,1,1,1.0000,1.0000,1500.00,0.00,3087.83,-313263.07,2026-04-18T01:36:30.9891634Z
1,1657,1,1,1.0000,1.0000,1500.00,0.00,3072.41,-313898.19,2026-04-18T01:36:33.0030935Z
1,1658,1,1,1.0000,1.0000,1500.00,0.00,3038.14,-314137.52,2026-04-18T01:36:35.0066254Z
1,1659,1,1,1.0000,1.0000,1500.00,0.00,3059.92,-314245.95,2026-04-18T01:36:37.0064805Z
1,1660,1,1,1.0000,1.0000,1500.00,0.00,3091.44,-314318.93,2026-04-18T01:36:39.0103121Z
1,1661,1,1,1.0000,1.0000,1500.00,0.00,3120.00,-314520.67,2026-04-18T01:36:41.0247259Z
1,1662,1,1,1.0000,1.0000,1500.00,0.00,3112.85,-314507.26,2026-04-18T01:36:43.0408016Z
1,1663,1,1,1.0000,1.0000,1500.00,0.00,3091.18,-315503.82,2026-04-18T01:36:45.0527214Z
1,1664,1,1,1.0000,1.0000,1500.00,0.00,3096.56,-315467.63,2026-04-18T01:36:47.0633313Z
1,1665,1,1,1.0000,1.0000,1500.00,0.00,3114.26,-315603.74,2026-04-18T01:36:49.0727254Z
1,1666,1,1,1.0000,1.0000,1500.00,0.00,3071.78,-316032.53,2026-04-18T01:36:51.0833024Z
1,1667,1,1,1.0000,1.0000,1500.00,0.00,3074.07,-316445.74,2026-04-18T01:36:53.0836063Z
1,1668,1,1,1.0000,1.0000,1500.00,0.00,3059.67,-316615.71,2026-04-18T01:36:55.0834037Z
1,1669,1,1,1.0000,1.0000,1500.00,0.00,3045.11,-316884.79,2026-04-18T01:36:57.0935989Z
1,1670,1,1,1.0000,1.0000,1500.00,0.00,3094.70,-317957.38,2026-04-18T01:36:59.0959453Z
1,1671,1,1,1.0000,1.0000,1500.00,0.00,3050.71,-318392.83,2026-04-18T01:37:01.0988373Z
1,1672,1,1,1.0000,1.0000,1500.00,0.00,3057.86,-318910.49,2026-04-18T01:37:03.1060050Z
1,1673,1,1,1.0000,1.0000,1500.00,0.00,3017.91,-319260.71,2026-04-18T01:37:05.1093169Z
1,1674,1,1,1.0000,1.0000,1500.00,0.00,3022.76,-319927.78,2026-04-18T01:37:07.1137688Z
1,1675,1,1,1.0000,1.0000,1500.00,0.00,3024.63,-320022.78,2026-04-18T01:37:09.1187655Z
1,1676,1,1,1.0000,1.0000,1500.00,0.00,3066.90,-320308.80,2026-04-18T01:37:11.1293007Z
1,1677,1,1,1.0000,1.0000,1500.00,0.00,3044.02,-320544.33,2026-04-18T01:37:13.1327985Z
1,1678,1,1,1.0000,1.0000,1500.00,0.00,3040.12,-320533.36,2026-04-18T01:37:15.1472369Z
1,1679,1,1,1.0000,1.0000,1500.00,0.00,3077.91,-320936.32,2026-04-18T01:37:17.1585723Z
1,1680,1,1,1.0000,1.0000,1500.00,0.00,3103.86,-321223.38,2026-04-18T01:37:19.1656936Z
1,1681,1,1,1.0000,1.0000,1500.00,0.00,3105.90,-321193.13,2026-04-18T01:37:21.1675450Z
1,1682,1,1,1.0000,1.0000,1500.00,0.00,3131.73,-321370.62,2026-04-18T01:37:23.1830843Z
1,1683,1,1,1.0000,1.0000,1500.00,0.00,3134.76,-322115.11,2026-04-18T01:37:25.1894478Z
1,1684,1,1,1.0000,1.0000,1500.00,0.00,3177.72,-322205.85,2026-04-18T01:37:27.1949688Z
1,1685,1,1,1.0000,1.0000,1500.00,0.00,3163.30,-322502.46,2026-04-18T01:37:29.2094698Z
1,1686,1,1,1.0000,1.0000,1500.00,0.00,3198.88,-323113.34,2026-04-18T01:37:31.2208452Z
1,1687,1,1,1.0000,1.0000,1500.00,0.00,3166.23,-323614.00,2026-04-18T01:37:33.2326615Z
1,1688,1,1,1.0000,1.0000,1500.00,0.00,3201.90,-324492.48,2026-04-18T01:37:35.2346038Z
1,1689,1,1,1.0000,1.0000,1500.00,0.00,3245.68,-324799.67,2026-04-18T01:37:37.2342797Z
1,1690,1,1,1.0000,1.0000,1500.00,0.00,3247.55,-325236.28,2026-04-18T01:37:39.2462938Z
1,1691,1,1,1.0000,1.0000,1500.00,0.00,3250.76,-325350.20,2026-04-18T01:37:41.2492299Z
1,1692,1,1,1.0000,1.0000,1500.00,0.00,3223.99,-325756.31,2026-04-18T01:37:43.2582777Z
1,1693,1,1,1.0000,1.0000,1500.00,0.00,3245.23,-326243.71,2026-04-18T01:37:45.2610732Z
1,1694,1,1,1.0000,1.0000,1500.00,0.00,3197.68,-326414.59,2026-04-18T01:37:47.2609706Z
1,1695,1,1,1.0000,1.0000,1500.00,0.00,3152.12,-326734.46,2026-04-18T01:37:49.2681246Z
1,1696,1,1,1.0000,1.0000,1500.00,0.00,3133.58,-327451.97,2026-04-18T01:37:51.2763122Z
1,1697,1,1,1.0000,1.0000,1500.00,0.00,3168.33,-327854.98,2026-04-18T01:37:53.2854110Z
1,1698,1,1,1.0000,1.0000,1500.00,0.00,3126.35,-328412.04,2026-04-18T01:37:55.2870828Z
1,1699,1,1,1.0000,1.0000,1500.00,0.00,3160.85,-328618.07,2026-04-18T01:37:57.2928086Z
1,1700,1,1,1.0000,1.0000,1500.00,0.00,3146.27,-328811.78,2026-04-18T01:37:59.2986452Z
1,1701,1,1,1.0000,1.0000,1500.00,0.00,3139.07,-329135.67,2026-04-18T01:38:01.3003132Z
1,1702,1,1,1.0000,1.0000,1500.00,0.00,3101.60,-329134.58,2026-04-18T01:38:03.3068569Z
1,1703,1,1,1.0000,1.0000,1500.00,0.00,3128.39,-329902.73,2026-04-18T01:38:05.3107398Z
1,1704,1,1,1.0000,1.0000,1500.00,0.00,3100.20,-330117.17,2026-04-18T01:38:07.3150394Z
1,1705,1,1,1.0000,1.0000,1500.00,0.00,3052.23,-330820.96,2026-04-18T01:38:09.3230876Z
1,1706,1,1,1.0000,1.0000,1500.00,0.00,3094.08,-330888.12,2026-04-18T01:38:11.3287666Z
1,1707,1,1,1.0000,1.0000,1500.00,0.00,3055.03,-331111.53,2026-04-18T01:38:13.3431588Z
1,1708,1,1,1.0000,1.0000,1500.00,0.00,3049.07,-331069.97,2026-04-18T01:38:15.3570641Z
1,1709,1,1,1.0000,1.0000,1500.00,0.00,3063.99,-331226.26,2026-04-18T01:38:17.3715225Z
1,1710,1,1,1.0000,1.0000,1500.00,0.00,3079.27,-331485.38,2026-04-18T01:38:19.3796092Z
1,1711,1,1,1.0000,1.0000,1500.00,0.00,3059.93,-331841.19,2026-04-18T01:38:21.3796864Z
1,1712,1,1,1.0000,1.0000,1500.00,0.00,3116.81,-332218.19,2026-04-18T01:38:23.3826176Z
1,1713,1,1,1.0000,1.0000,1500.00,0.00,3083.65,-332554.87,2026-04-18T01:38:25.3833405Z
1,1714,1,1,1.0000,1.0000,1500.00,0.00,3051.02,-332961.49,2026-04-18T01:38:27.3963754Z
1,1715,1,1,1.0000,1.0000,1500.00,0.00,3051.58,-333536.54,2026-04-18T01:38:29.4056738Z
1,1716,1,1,1.0000,1.0000,1500.00,0.00,3053.32,-333658.59,2026-04-18T01:38:31.4182403Z
1,1717,1,1,1.0000,1.0000,1500.00,0.00,3043.07,-333883.29,2026-04-18T01:38:33.4254912Z
1,1718,1,1,1.0000,1.0000,1500.00,0.00,3074.69,-334219.31,2026-04-18T01:38:35.4327987Z
1,1719,1,1,1.0000,1.0000,1500.00,0.00,3039.47,-334603.05,2026-04-18T01:38:37.4454764Z
1,1720,1,1,1.0000,1.0000,1500.00,0.00,3008.10,-334596.07,2026-04-18T01:38:39.4583246Z
1,1721,1,1,1.0000,1.0000,1500.00,0.00,3040.21,-334724.78,2026-04-18T01:38:41.4649521Z
1,1722,1,1,1.0000,1.0000,1500.00,0.00,3065.05,-335500.51,2026-04-18T01:38:43.4697172Z
1,1723,1,1,1.0000,1.0000,1500.00,0.00,3020.15,-335921.01,2026-04-18T01:38:45.4749602Z
1,1724,1,1,1.0000,1.0000,1500.00,0.00,2995.14,-336290.79,2026-04-18T01:38:47.4766765Z
1,1725,1,1,1.0000,1.0000,1500.00,0.00,2959.51,-336826.05,2026-04-18T01:38:49.4811002Z
1,1726,1,1,1.0000,1.0000,1500.00,0.00,2914.59,-337547.19,2026-04-18T01:38:51.4837338Z
1,1727,1,1,1.0000,1.0000,1500.00,0.00,2886.43,-338549.16,2026-04-18T01:38:53.4919466Z
1,1728,1,1,1.0000,1.0000,1500.00,0.00,2843.30,-339353.31,2026-04-18T01:38:55.5021192Z
1,1729,1,1,1.0000,1.0000,1500.00,0.00,2800.00,-339568.92,2026-04-18T01:38:57.5096280Z
1,1730,1,1,1.0000,1.0000,1500.00,0.00,2800.00,-340196.71,2026-04-18T01:38:59.5112482Z
1,1731,1,1,1.0000,1.0000,1500.00,0.00,2800.00,-340782.62,2026-04-18T01:39:01.5184943Z
1,1732,1,1,1.0000,1.0000,1500.00,0.00,2841.35,-340916.03,2026-04-18T01:39:03.5321046Z
1,1733,1,1,1.0000,1.0000,1500.00,0.00,2853.01,-341180.98,2026-04-18T01:39:05.5342090Z
1,1734,1,1,1.0000,1.0000,1500.00,0.00,2846.71,-341829.12,2026-04-18T01:39:07.5478508Z
1,1735,1,1,1.0000,1.0000,1500.00,0.00,2826.44,-342332.04,2026-04-18T01:39:09.5574316Z
1,1736,1,1,1.0000,1.0000,1500.00,0.00,2800.00,-342540.51,2026-04-18T01:39:11.5624463Z
1,1737,1,1,1.0000,1.0000,1500.00,0.00,2821.07,-342698.39,2026-04-18T01:39:13.5756954Z
1,1738,1,1,1.0000,1.0000,1500.00,0.00,2804.39,-343005.88,2026-04-18T01:39:15.5788480Z
1,1739,1,1,1.0000,1.0000,1500.00,0.00,2800.00,-343380.21,2026-04-18T01:39:17.5932333Z
1,1740,1,1,1.0000,1.0000,1500.00,0.00,2826.62,-343372.83,2026-04-18T01:39:19.6037487Z
1,1741,1,1,1.0000,1.0000,1500.00,0.00,2831.83,-343601.21,2026-04-18T01:39:21.6171896Z
1,1742,1,1,1.0000,1.0000,1500.00,0.00,2816.37,-343722.54,2026-04-18T01:39:23.6324531Z
1,1743,1,1,1.0000,1.0000,1500.00,0.00,2800.00,-344193.27,2026-04-18T01:39:25.6457676Z
1,1744,1,1,1.0000,1.0000,1500.00,0.00,2800.00,-344173.91,2026-04-18T01:39:27.6609596Z
1,1745,1,1,1.0000,1.0000,1500.00,0.00,2800.00,-344274.65,2026-04-18T01:39:29.6696046Z
1,1746,1,1,1.0000,1.0000,1500.00,0.00,2832.58,-344607.43,2026-04-18T01:39:31.6811162Z
1,1747,1,1,1.0000,1.0000,1500.00,0.00,2872.17,-344677.33,2026-04-18T01:39:33.6837721Z
1,1748,1,1,1.0000,1.0000,1500.00,0.00,2850.12,-344933.78,2026-04-18T01:39:35.6942292Z
1,1749,1,1,1.0000,1.0000,1500.00,0.00,2819.35,-345285.39,2026-04-18T01:39:37.7023665Z
1,1750,1,1,1.0000,1.0000,1500.00,0.00,2800.00,-345505.52,2026-04-18T01:39:39.7072803Z
1,1751,1,1,1.0000,1.0000,1500.00,0.00,2800.00,-346126.59,2026-04-18T01:39:41.7181951Z
1,1752,1,1,1.0000,1.0000,1500.00,0.00,2806.00,-346178.15,2026-04-18T01:39:43.7295766Z
1,1753,1,1,1.0000,1.0000,1500.00,0.00,2815.82,-346276.82,2026-04-18T01:39:45.7356445Z
1,1754,1,1,1.0000,1.0000,1500.00,0.00,2800.64,-346629.15,2026-04-18T01:39:47.7483257Z
1,1755,1,1,1.0000,1.0000,1500.00,0.00,2845.41,-347113.94,2026-04-18T01:39:49.7627783Z
1,1756,1,1,1.0000,1.0000,1500.00,0.00,2800.00,-347990.46,2026-04-18T01:39:51.7656163Z
1,1757,1,1,1.0000,1.0000,1500.00,0.00,2800.00,-348041.82,2026-04-18T01:39:53.7664319Z
1,1758,1,1,1.0000,1.0000,1500.00,0.00,2841.07,-348892.28,2026-04-18T01:39:55.7800845Z
1,1759,1,1,1.0000,1.0000,1500.00,0.00,2824.46,-348988.87,2026-04-18T01:39:57.7814196Z
1,1760,1,1,1.0000,1.0000,1500.00,0.00,2856.69,-349152.06,2026-04-18T01:39:59.7837918Z
1,1761,1,1,1.0000,1.0000,1500.00,0.00,2859.25,-349134.12,2026-04-18T01:40:01.7984098Z
